,cached_download_latency@client,cpu@cache,cpu_limit,failed_reqs_per_sec@client,filesize@client,mem@cache,non_cached_download_latency@client,rx_bitrate_cadv@cache:server,tx_bitrate_cadv@cache:client,vcdn_users@client,wl_cachedperc,wl_filesize,wl_ratelimit
0,0.021211598287484913,6.325917575000001,100,0.0,1.048576,19.591168,0.02154812252058692,50.55220799999999,51.138532,6.0,10,10,1000
1,0.022726638619620942,10.240631374999987,100,0.0,1.048576,21.110784,0.022550917420733,84.27492000000001,85.16078999999999,10.0,10,10,1000
2,0.02224642495627774,25.967003699999978,100,0.0,1.048576,21.196800000000003,0.023024335834162607,213.172848,216.08926,30.0,10,10,1000
3,0.02824741672183747,42.02818072500003,100,0.0,1.048576,22.462464,0.027238970946439213,379.5261,385.93629999999996,50.0,10,10,1000
4,0.028104145711306375,52.06971349999989,100,0.0,1.048576,23.40864,0.02903819285065419,518.339204,518.107364,70.0,10,10,1000
5,0.033329912514838696,65.00230764999984,100,0.0,1.048576,24.756224,0.033071984794119956,682.51486,692.8621640000001,90.0,10,10,1000
6,0.03521783726169623,66.69155605000014,100,0.0,1.048576,25.800704,0.03665599431924792,741.946992,744.3805840000001,100.0,10,10,1000
7,0.06154031579551516,74.43151669999963,100,0.0,1.048576,27.38176,0.05984963127105526,859.123888,874.7641960000001,120.0,10,10,1000
8,0.18738509407621803,59.25249000000008,100,0.0,1.048576,34.091008,0.18939626468110363,854.416968,863.910232,140.0,10,10,1000
9,0.46723211336632475,59.707326824999996,100,0.0,1.048576,41.90208,0.4738753930595647,926.614264,923.9803139999999,180.0,10,10,1000
10,0.06910607900607767,1.07806955,100,0.0,0.104857,23.83872,0.08984452819365737,5.090628,5.1260639999999995,6.0,10,1,1000
11,0.049526818301605546,1.8085531249999982,100,0.0,0.104857,24.211456,0.07519667734084944,8.077067999999999,8.541695999999998,10.0,10,1,1000
12,0.05452420887921326,4.900518050000002,100,0.0,0.104857,24.440832,0.0778343598849736,21.904628,25.623839999999998,30.0,10,1,1000
13,0.05236472938609897,7.65268615000001,100,0.0,0.104857,24.813568,0.08010727435758785,35.52629399999999,38.613046,50.0,10,1,1000
14,0.047949330690785094,10.49413777499999,100,0.0,0.104857,25.378816,0.07198424466881045,46.843232,53.477622,70.0,10,1,1000
15,0.049232596286992586,13.959730599999931,100,0.0,0.104857,25.960448,0.07369569086220766,62.339015999999994,69.772064,90.0,10,1,1000
16,0.04932840849629759,15.208272050000016,100,0.0,0.104857,26.570752,0.07417004862115542,65.49045,73.458912,100.0,10,1,1000
17,0.05789705323726174,16.671980799999986,100,0.0,0.104857,27.48416,0.08083721081980022,79.9665,88.36976,120.0,10,1,1000
18,0.056514171139261396,20.142097949999993,100,0.0,0.104857,28.274688,0.08255120899809903,97.491084,113.12037,140.0,10,1,1000
19,0.06735399517867081,26.59523859999986,100,0.0,0.104857,29.442048,0.09330812071081217,122.914856,133.634124,180.0,10,1,1000
20,0.013949261486341518,11.981780175,100,0.0,2.097152,20.779008,0.015848280359321263,100.928736,102.25494599999999,6.0,10,20,1000
21,0.015336052883882668,16.780549725000004,100,0.0,2.097152,21.229568,0.01455264558225551,143.08935599999998,144.806048,10.0,10,20,1000
22,0.021024989427794315,49.99698994999999,100,0.0,2.097152,22.065152,0.021523095852038796,461.58050799999995,465.88667599999997,30.0,10,20,1000
23,0.030856218145800342,71.09704527500008,100,0.0,2.097152,24.76032,0.02902086981138857,747.2185999999999,763.771834,50.0,10,20,1000
24,0.10603120176134698,48.803462650000284,100,0.0,2.097152,25.055232,0.10611715466763327,814.410186,814.998498,70.0,10,20,1000
25,0.2589713581861204,45.29339312500014,100,0.0,2.097152,31.993856,0.2596879359100844,837.7862379999999,842.148202,90.0,10,20,1000
26,0.3237506116299094,71.56049719999942,100,0.0,2.097152,41.701376,0.3232371751171629,871.273752,894.135096,100.0,10,20,1000
27,0.5096265515433355,83.16808195000078,100,0.0,2.097152,54.767616,0.5012144699997806,811.4763039999999,869.1708279999999,120.0,10,20,1000
28,0.6700751902538904,89.46103290000025,100,0.0,2.097152,57.286656,0.6774740400596454,842.7327399999999,878.5837879999999,140.0,10,20,1000
29,0.9135402274947705,78.16243179999987,100,0.0,2.097152,78.307328,0.9378662799735398,793.416808,807.522436,180.0,10,20,1000
30,0.01610835951760566,16.772097474999992,100,0.0,3.145728,20.660224,0.014378696287659126,151.31965200000002,153.37881599999997,6.0,10,30,1000
31,0.01374128500990298,24.98864665,100,0.0,3.145728,20.97152,0.015520711868932117,227.01610799999997,230.119392,10.0,10,30,1000
32,0.022872070084963107,56.74869829999986,100,0.0,3.145728,26.13248,0.025817116769983384,605.949308,620.531444,30.0,10,30,1000
33,0.0975747122253406,45.646491249999954,100,0.0,3.145728,26.238976,0.09778215619715112,846.1431,850.1325519999999,50.0,10,30,1000
34,0.24956175915252155,68.14880184999978,100,0.0,3.145728,38.37952,0.2412487078981951,933.396568,905.341236,70.0,10,30,1000
35,0.3615623368901908,65.32130845000026,100,0.0,3.145728,48.627712,0.3531886532630212,866.92428,818.8217320000001,90.0,10,30,1000
36,0.510890424108306,86.25232949999884,100,0.0,3.145728,50.188288,0.5141490561995947,869.2181119999999,906.8291439999999,100.0,10,30,1000
37,0.6633457367930351,88.39648095000001,100,0.0,3.145728,54.730752,0.6687343052297019,894.5580679999999,900.3421079999999,120.0,10,30,1000
38,0.7901631015165995,87.74152940000022,100,0.0,3.145728,68.173824,0.807201203375554,832.995368,874.376144,140.0,10,30,1000
39,1.0737974155733843,80.50754454999947,100,0.0,3.145728,78.897152,1.0776025664282045,839.827376,894.5652279999999,180.0,10,30,1000
40,0.01797462818668303,19.4139162,100,0.0,4.194304,20.91008,0.01260832096313605,184.91501599999998,187.338129904,6.0,10,40,1000
41,0.011447738493507966,33.82843764999999,100,0.0,4.194304,21.602304,0.011526225512789715,294.21592599999997,299.78857999999997,10.0,10,40,1000
42,0.03576992839289575,71.40101689999997,100,0.0,4.194304,25.841664,0.03353309776378011,774.8441439999999,800.023108,30.0,10,40,1000
43,0.15780926569859094,42.80919142500004,100,0.0,4.194304,29.024256,0.16039974220457673,856.731094,822.368768,50.0,10,40,1000
44,0.3054931891209965,51.53983034999996,100,0.0,4.194304,33.325056,0.293588872166604,878.018688,855.929588,70.0,10,40,1000
45,0.47592155089268773,80.5696548499995,100,0.0,4.194304,49.750016,0.41423406384997485,931.3524679999999,941.985288,90.0,10,40,1000
46,0.5884293027201027,79.4294893,100,0.0,4.194304,56.414208,0.570337141683552,852.516548,826.672752,100.0,10,40,1000
47,0.7085272920637735,82.3356314999998,100,0.0,4.194304,60.416,0.7100108014104973,928.374868,900.446792,120.0,10,40,1000
48,0.7406313223684238,83.52360425,100,0.0,4.194304,66.973696,0.7461296708257712,856.38436,919.3634680000001,140.0,10,40,1000
49,1.1660719699619861,88.04318020000039,100,0.0,4.194304,78.635008,1.1319988253086475,896.29694,876.6569159999999,180.0,10,40,1000
50,0.010848861277202856,24.56422224999999,100,0.0,5.24288,20.267008,0.011045267859523865,210.129032,217.705536,6.0,10,50,1000
51,0.011005837905480978,40.11897079999996,100,0.0,5.24288,21.086208,0.011091831948361655,367.75186199999996,379.461168,10.0,10,50,1000
52,0.05875627266062966,45.65603495000019,100,0.0,5.24288,26.517504,0.05634806254969425,884.703048,886.154224,30.0,10,50,1000
53,0.1776443309321668,50.267737000000245,100,0.0,5.24288,31.944704,0.2004971613239144,909.781178,888.120428,50.0,10,50,1000
54,0.39353531664638647,93.17963179999964,100,0.0,5.24288,42.356736,0.3873825601346132,913.703728,917.7081559999999,70.0,10,50,1000
55,0.4506287970242416,83.80151174999995,100,0.0,5.24288,53.710848,0.4790817309234288,856.609916,865.846346,90.0,10,50,1000
56,0.5673144109071286,80.43307549999952,100,0.0,5.24288,55.037952,0.5443408143474955,856.7391319999999,840.6116,100.0,10,50,1000
57,0.5723565437853857,79.81783175000032,100,0.0,5.24288,63.463424,0.6118267028844054,890.6833839999999,868.860564,120.0,10,50,1000
58,0.9402428647319603,86.2496750999995,100,0.0,5.24288,66.945024,0.9360131526145079,861.1023759999999,857.4577959999999,140.0,10,50,1000
59,1.2694618773125712,90.45104680000122,100,0.0,5.24288,79.290368,1.2640658648418464,865.1427,905.7370119999999,180.0,10,50,1000
60,0.02992446219335859,3.5917907500000013,100,0.0,0.524288,19.664896,0.029699218942363645,25.336176000000002,25.566744,6.0,10,5,1000
61,0.026270584903643337,5.711544724999984,100,0.0,0.524288,19.959808,0.027301870519159315,42.245239999999995,42.600924,10.0,10,5,1000
62,0.030227186935128644,15.450991074999987,100,0.0,0.524288,20.76672,0.028591661070455132,124.51678799999999,125.46634599999999,30.0,10,5,1000
63,0.028131202553599313,23.16410874999999,100,0.0,0.524288,21.659648,0.028385127417175908,211.279104,211.390788,50.0,10,5,1000
64,0.027802286628982004,30.28555294999995,100,0.0,0.524288,22.319104,0.027494420758834917,266.620004,267.647764,70.0,10,5,1000
65,0.031592690290982856,39.908689149999965,100,0.0,0.524288,22.831104,0.03112631633992262,354.98758399999997,355.986984,90.0,10,5,1000
66,0.03123853636787982,41.02448840000008,100,0.0,0.524288,23.752704,0.03193830282175898,377.764088,380.791796,100.0,10,5,1000
67,0.03420701139631516,49.765763099999916,100,0.0,0.524288,24.825856,0.03477881864577058,454.60485199999994,458.681292,120.0,10,5,1000
68,0.04000641271515732,50.06730107500026,100,0.0,0.524288,26.042368,0.03949325879888735,492.48711199999997,493.65445,140.0,10,5,1000
69,0.057054022659579096,57.63921884999945,100,0.0,0.524288,27.992064,0.05502004386644317,676.855476,681.813382,180.0,10,5,1000
70,0.019083036879436716,5.9957216749999995,100,0.0,1.048576,20.078592,0.02002112969383748,50.550095999999996,51.117042,6.0,20,10,1000
71,0.020670217736220665,9.287917574999993,100,0.0,1.048576,20.262912,0.02184518459961729,77.921762,79.781418,10.0,20,10,1000
72,0.02353927339237531,26.74291350000002,100,0.0,1.048576,21.54496,0.02353887042614522,229.954606,232.125246,30.0,20,10,1000
73,0.02634137055870493,38.717945824999944,100,0.0,1.048576,22.17984,0.025017666400979615,361.20511799999997,369.93462,50.0,20,10,1000
74,0.027308931164325142,54.49429410000004,100,0.0,1.048576,24.211456,0.028056991182468904,530.1282140000001,540.909178,70.0,20,10,1000
75,0.033477643133107485,64.06356305000003,100,0.0,1.048576,24.817664,0.0351168713598602,708.075464,719.3141999999999,90.0,20,10,1000
76,0.03815076110667456,65.07028707499991,100,0.0,1.048576,25.25184,0.03850736559579783,668.074898,678.92441,100.0,20,10,1000
77,0.054659794197162444,73.93657657499944,100,0.0,1.048576,27.971584,0.05526730251747157,910.099692,921.760528,120.0,20,10,1000
78,0.18859001362895828,63.23948330000064,100,0.0,1.048576,34.2016,0.18912845649468207,897.693004,901.801988,140.0,20,10,1000
79,0.47381084330726664,62.89237274999948,100,0.0,1.048576,44.552192,0.47558514311645,791.0906759999999,807.0357759999999,180.0,20,10,1000
80,0.06360039684103613,1.094153875,100,0.0,0.104857,23.597056000000002,0.08153503946182887,4.624194581333333,5.12808,6.0,20,1,1000
81,0.05171474946007673,1.8513766249999952,100,0.0,0.104857,24.219648,0.07570778320103616,7.01731,8.544599999999999,10.0,20,1,1000
82,0.052670877789040754,4.830692149999999,100,0.0,0.104857,26.083328,0.0777605246330699,20.642384,25.62154,30.0,20,1,1000
83,0.04911777843141753,7.946623674999987,100,0.0,0.104857,26.476544,0.07372923773265928,33.171638,40.67676,50.0,20,1,1000
84,0.051429718130384855,10.39708285000005,100,0.0,0.104857,27.066367999999997,0.07704264353480282,45.165476,55.14744,70.0,20,1,1000
85,0.04966590494774206,13.310347425000035,100,0.0,0.104857,27.602944,0.07567791739506315,55.28509,69.574668,90.0,20,1,1000
86,0.05357929988859375,15.483915125000003,100,0.0,0.104857,28.225536,0.07806819186111004,64.240854,79.017052,100.0,20,1,1000
87,0.05552652536443029,18.084866950000134,100,0.0,0.104857,28.975104,0.08346279176381974,76.87348599999999,94.978552,120.0,20,1,1000
88,0.058650196267405946,19.238274125000032,100,0.0,0.104857,29.761536,0.0864249549941222,84.969224,105.51329,140.0,20,1,1000
89,0.06719211853816659,23.290883400000162,100,0.0,0.104857,30.9248,0.09146865690532627,109.709724,136.62098,180.0,20,1,1000
90,0.013903889269822809,11.018630750000003,100,0.0,2.097152,20.054016,0.015035424901770837,100.962792,102.247248,6.0,20,20,1000
91,0.014115450125785994,17.272895925000007,100,0.0,2.097152,21.4016,0.014431390136423573,164.045826,158.092916,10.0,20,20,1000
92,0.020571445368031092,44.95526419999996,100,0.0,2.097152,23.10144,0.020182992166424565,427.02285199999994,427.014612,30.0,20,20,1000
93,0.03116809209376081,67.54566759999996,100,0.0,2.097152,26.656768,0.03115304241044429,707.096584,718.2954,50.0,20,20,1000
94,0.10651185920614857,50.080891750000234,100,0.0,2.097152,27.009024,0.10656742176242434,880.579608,884.375452,70.0,20,20,1000
95,0.2616211105108829,50.69123294999969,100,0.0,2.097152,30.089216,0.25769589027892814,907.589218,903.040542,90.0,20,20,1000
96,0.33622201277458724,77.0312711999992,100,0.0,2.097152,42.0864,0.3322421916252568,923.510192,941.112752,100.0,20,20,1000
97,0.49313718729381933,79.37336909999999,100,0.0,2.097152,51.081216,0.4960075436759554,859.7581839999999,918.65504,120.0,20,20,1000
98,0.6798757150932772,82.92199704999918,100,0.0,2.097152,57.89696,0.6821927662548908,767.9935039999999,817.213,140.0,20,20,1000
99,0.9738920398842419,85.52109224999924,100,0.0,2.097152,69.251072,0.9658110841001203,804.914304,890.826688,180.0,20,20,1000
100,0.01210463826065334,16.06878489999999,100,0.0,3.145728,20.361216,0.012066961148183179,138.736524,140.62941999999998,6.0,20,30,1000
101,0.014664996128074398,22.790942024999964,100,0.0,3.145728,21.42208,0.014605249032637678,214.533432,217.266022,10.0,20,30,1000
102,0.026016158995377618,57.54376697500003,100,0.0,3.145728,23.801856,0.026431858991304118,600.7883959999999,628.8003019999999,30.0,20,30,1000
103,0.09894848811733695,58.96841380000026,100,0.0,3.145728,25.821184,0.09833290655928573,910.405504,919.6612839999999,50.0,20,30,1000
104,0.24179643038429693,50.69412805000013,100,0.0,3.145728,35.831808,0.24637681289132754,909.2854159999999,916.6832050799999,70.0,20,30,1000
105,0.3959268826713264,69.71982297499972,100,0.0,3.145728,39.710719999999995,0.38736545667399147,895.76042,917.842912,90.0,20,30,1000
106,0.4827737562326539,86.72808175000029,100,0.0,3.145728,49.573888,0.4920066117221525,823.8808480000001,855.209496,100.0,20,30,1000
107,0.6691471417340835,82.97831249999916,100,0.0,3.145728,58.494976,0.6660798780474352,809.0939599999999,843.3068599999999,120.0,20,30,1000
108,0.8008027246511904,80.2947870500006,100,0.0,3.145728,62.58688,0.7562325309160013,863.2099959999999,924.974644,140.0,20,30,1000
109,1.1533339341653923,79.92543137499979,100,0.0,3.145728,77.27104,1.129244096359601,911.62133,968.605196,180.0,20,30,1000
110,0.011521924244675416,19.324395875,100,0.0,4.194304,20.60288,0.01157014035546262,185.138228,187.456068,6.0,20,40,1000
111,0.011330957030417197,32.421497200000005,100,0.0,4.194304,22.843392,0.01130972494494813,309.33615399999996,311.045366,10.0,20,40,1000
112,0.029499825341016243,73.78993935000011,100,0.0,4.194304,23.949312,0.03258320381319015,807.661888,822.1546999999999,30.0,20,40,1000
113,0.1614795964070756,50.42776294999953,100,0.0,4.194304,28.123136,0.15903257479584412,925.1062039999999,906.7631799999999,50.0,20,40,1000
114,0.32665939588973,82.95066032499996,100,0.0,4.194304,43.319296,0.3271849491042174,886.3247899999999,874.1325179999999,70.0,20,40,1000
115,0.4566545251642925,68.96589042500025,100,0.0,4.194304,48.3328,0.4488411436359583,871.564852,881.69083,90.0,20,40,1000
116,0.5379609070363573,83.82652399999984,100,0.0,4.194304,51.453952,0.5335267845520391,801.9593,909.334308,100.0,20,40,1000
117,0.7516831614623657,87.06593200000015,100,0.0,4.194304,56.078336,0.7636716400310403,836.65872,894.9475439999999,120.0,20,40,1000
118,0.838461030694229,86.3773995999992,100,0.0,4.194304,63.229952,0.8601731946439227,810.657912,866.287596,140.0,20,40,1000
119,1.1973081635700906,91.812192175,100,0.0,4.194304,77.7216,1.1936558602875809,837.716004,945.62113,180.0,20,40,1000
120,0.011377739031682871,23.542611675000003,100,0.0,5.24288,21.368832,0.01195282899293677,207.606014,202.43996599999997,6.0,20,50,1000
121,0.016319517083294963,37.372132524999955,100,0.0,5.24288,21.426176,0.016764181812847567,336.25006399999995,340.25896,10.0,20,50,1000
122,0.05730447150575099,48.95792900000018,100,0.0,5.24288,25.16992,0.057130720751765285,931.073048,933.486858,30.0,20,50,1000
123,0.19995623208025054,51.87387290000025,100,0.0,5.24288,30.937088,0.19994524478200873,898.6840639999999,916.3162719999999,50.0,20,50,1000
124,0.3337714640084217,67.22452420000025,100,0.0,5.24288,42.835968,0.34839428387722315,870.744256,912.0619839999999,70.0,20,50,1000
125,0.5126857027722582,81.8256562000002,100,0.0,5.24288,50.491392,0.4633738286625115,803.321928,908.1882,90.0,20,50,1000
126,0.5633618715968773,86.88616250000081,100,0.0,5.24288,52.92032,0.5446921697404257,823.4647,918.3159999999999,100.0,20,50,1000
127,0.7916889928960308,89.70442895000019,100,0.0,5.24288,59.772928,0.7922463844002344,875.8236999999999,895.305924,120.0,20,50,1000
128,0.9667583757830894,81.36242100000004,100,0.0,5.24288,64.425984,0.966974331611998,876.2811959999999,881.411664,140.0,20,50,1000
129,1.256362218273336,84.83654827499976,100,0.0,5.24288,74.50624,1.257035039451759,837.785724,860.9651859999999,180.0,20,50,1000
130,0.025765985384811643,3.4684442500000054,100,0.0,0.524288,19.468288,0.025924555421198876,25.32192,25.531854,6.0,20,5,1000
131,0.027101113414013167,5.521877775000005,100,0.0,0.524288,19.82464,0.026012401873115744,42.229952,42.57294,10.0,20,5,1000
132,0.029142740644285244,15.439443825000001,100,0.0,0.524288,20.967424,0.02798248839785651,122.233432,123.575324,30.0,20,5,1000
133,0.030022109789688035,22.86757545000011,100,0.0,0.524288,22.081536,0.03032433187137472,205.18113599999998,207.328228,50.0,20,5,1000
134,0.0287715569429773,30.253277275000027,100,0.0,0.524288,22.528,0.029114393678425644,261.59516399999995,262.737016,70.0,20,5,1000
135,0.02981900034024218,46.99599652499984,100,0.0,0.524288,22.900736,0.03021915952181227,379.352304,386.17247999999995,90.0,20,5,1000
136,0.032742743413148284,41.65621479999988,100,0.0,0.524288,23.662592,0.032658102157676894,375.79394,369.735076,100.0,20,5,1000
137,0.034702897950586176,46.080095025000034,100,0.0,0.524288,24.489984,0.03508267699813217,427.835692,430.99996799999997,120.0,20,5,1000
138,0.03489945161562731,50.105478475,100,0.0,0.524288,25.714688,0.03524027307989726,520.669008,520.702072,140.0,20,5,1000
139,0.053678454625684824,58.108387800000116,100,0.0,0.524288,27.32032,0.05399994052744481,641.700344,646.380552,180.0,20,5,1000
140,0.023039352167330978,5.9132668,100,0.0,1.048576,20.250624,0.02352366824319011,50.548248,51.115463999999996,6.0,30,10,1000
141,0.021012029497122317,9.76431095000001,100,0.0,1.048576,20.312064,0.02126215859040876,84.21927200000002,85.178726,10.0,30,10,1000
142,0.02361156673258183,26.189818124999988,100,0.0,1.048576,21.147648,0.023323120929432554,239.332018,239.00679599999998,30.0,30,10,1000
143,0.026329423991333423,42.728954925000195,100,0.0,1.048576,23.232512,0.02624591093884215,380.23663,388.297016,50.0,30,10,1000
144,0.02863200324352639,54.17529707500002,100,0.0,1.048576,23.396352,0.027683394287917024,528.854018,542.5610999999999,70.0,30,10,1000
145,0.034004312454679476,66.74704982499975,100,0.0,1.048576,24.068095999999997,0.03404249329127876,674.291776,688.559584,90.0,30,10,1000
146,0.03809003683342194,68.65457769999992,100,0.0,1.048576,26.112,0.03649283390191239,729.913964,743.657372,100.0,30,10,1000
147,0.053990569113433265,71.10725189999982,100,0.0,1.048576,27.373568,0.054343376580777744,875.505548,876.862368,120.0,30,10,1000
148,0.19399610181044044,57.56297745000013,100,0.0,1.048576,33.292288,0.1915055730007783,873.2192759999999,877.188776,140.0,30,10,1000
149,0.4808925443156411,64.83411179999976,100,0.0,1.048576,51.539968,0.48613868727275733,781.5223199999999,847.0152760000001,180.0,30,10,1000
150,0.05545552925591837,0.9651741250000012,100,0.0,0.104857,23.719935999999997,0.07543097855748018,3.19508,5.126856,6.0,30,1,1000
151,0.0492350283840534,1.6344295249999974,100,0.0,0.104857,24.170496,0.07678612085837092,5.95242,8.541318,10.0,30,1,1000
152,0.049670320743353355,4.581203099999998,100,0.0,0.104857,24.436736,0.07515151151220151,18.28248,25.625232,30.0,30,1,1000
153,0.05242441653998694,7.195349049999988,100,0.0,0.104857,24.952832,0.07920244180784711,30.165014,40.13070999999999,50.0,30,1,1000
154,0.050961230939303326,9.926907349999947,100,0.0,0.104857,27.418624,0.07721349582142137,38.26533384533333,54.22698,70.0,30,1,1000
155,0.053086486227621854,12.362759450000027,100,0.0,0.104857,27.979776,0.07896936330848306,48.45255399999999,66.988128,90.0,30,1,1000
156,0.05101563329946715,13.372172499999913,100,0.0,0.104857,28.5696,0.07565412253622904,54.674099999999996,76.21637199999999,100.0,30,1,1000
157,0.05687980206581761,15.498013825000001,100,0.0,0.104857,29.310976,0.08219029532166577,63.866566000000006,92.198408,120.0,30,1,1000
158,0.061515465671399455,18.182089300000115,100,0.0,0.104857,30.121984,0.0855692262121686,74.084318,104.45893199999999,140.0,30,1,1000
159,0.06436183536368216,21.491618374999888,100,0.0,0.104857,31.203328,0.08919425878692486,95.462918,139.072338,180.0,30,1,1000
160,0.015481207958241996,10.909025449999987,100,0.0,2.097152,20.246528,0.015282984307714815,89.23917600000001,99.227676,6.0,30,20,1000
161,0.014991191148198107,17.366088449999985,100,0.0,2.097152,21.21728,0.014434507227724644,143.33007199999997,144.865406,10.0,30,20,1000
162,0.020475003452231178,47.435895500000136,100,0.0,2.097152,22.339584,0.02082840338029779,442.61366799999996,458.998472,30.0,30,20,1000
163,0.029893784014037104,66.32771567500022,100,0.0,2.097152,24.522752,0.030411451681034075,673.2636279999999,691.59494,50.0,30,20,1000
164,0.10658291588252,52.19742972500008,100,0.0,2.097152,25.837568,0.10635678527663082,876.778426,876.386172,70.0,30,20,1000
165,0.25763898203143654,49.60926182500032,100,0.0,2.097152,31.404032,0.2603317182668168,881.73639,834.554736,90.0,30,20,1000
166,0.33355696625546816,65.87101280000027,100,0.0,2.097152,35.852288,0.3325999792772437,826.668136,876.1146319999999,100.0,30,20,1000
167,0.5039070035845582,88.91691209999948,100,0.0,2.097152,50.864128,0.5067481924869283,793.197196,882.65154,120.0,30,20,1000
168,0.6837216779188844,87.15338095000007,100,0.0,2.097152,51.187712,0.6857104219587735,838.64939,857.291564,140.0,30,20,1000
169,0.9905200521039109,88.05447569999956,100,0.0,2.097152,66.506752,1.0031796380535891,789.7950559999999,916.806252,180.0,30,20,1000
170,0.01224126156436793,15.29263455,100,0.0,3.145728,20.467712,0.012236895039816936,139.059124,140.591668,6.0,30,30,1000
171,0.014186168414179863,24.74031659999998,100,0.0,3.145728,21.630976,0.014521880037488211,227.089472,230.10135,10.0,30,30,1000
172,0.027358840777051065,56.18583957499999,100,0.0,3.145728,23.117824,0.02575559608324716,576.633016,582.882254,30.0,30,30,1000
173,0.09899777829995612,49.72528402500007,100,0.0,3.145728,25.960448,0.09858482736498836,826.58662,852.3784539999999,50.0,30,30,1000
174,0.23835707249038185,57.732855525000204,100,0.0,3.145728,35.16416,0.24157344494318367,846.647846,864.1302579999999,70.0,30,30,1000
175,0.3923753557378812,84.56027127500008,100,0.0,3.145728,46.22336,0.4015708953106717,863.1837560000001,890.783048,90.0,30,30,1000
176,0.47500063277300403,87.30427729999946,100,0.0,3.145728,49.50016,0.455389992881562,858.6501159999999,876.5167759999999,100.0,30,30,1000
177,0.6583529634985087,89.18177449999973,100,0.0,3.145728,54.272,0.6592133521084939,853.0052559999999,892.855736,120.0,30,30,1000
178,0.8174363162613877,88.90919749999995,100,0.0,3.145728,61.202432,0.8086448828112848,830.628848,872.3395560000001,140.0,30,30,1000
179,1.1523976786101162,79.02019820000135,100,0.0,3.145728,71.90528,1.1532216133750273,839.047004,837.8691799999999,180.0,30,30,1000
180,0.011743593238402898,19.495099699999997,100,0.0,4.194304,20.639744,0.013090216798445527,176.57802199999998,178.99514599999998,6.0,30,40,1000
181,0.013618217083545372,34.27519969999988,100,0.0,4.194304,21.078016,0.013990382507410635,302.61614399999996,318.996216,10.0,30,40,1000
182,0.035557763860696465,64.18011114999996,100,0.0,4.194304,25.78432,0.031553569326656816,772.812834,779.6908999999999,30.0,30,40,1000
183,0.16385507983444023,47.03506399999995,100,0.0,4.194304,27.89376,0.1695966775749945,890.2018079999999,864.39802,50.0,30,40,1000
184,0.2878558383538293,48.909633099999894,100,0.0,4.194304,33.288192,0.3042572156424233,864.8017719999999,843.1555999999999,70.0,30,40,1000
185,0.44597172061464463,77.59641744999968,100,0.0,4.194304,48.10752,0.4269424825836271,929.7537560000001,1017.6514999999999,90.0,30,40,1000
186,0.5141175634738523,81.61185029999984,100,0.0,4.194304,50.212864,0.5273286286078263,793.165544,810.876632,100.0,30,40,1000
187,0.7270945852111442,91.71045264999975,100,0.0,4.194304,59.572224,0.6829658055368819,879.909004,906.3942440000001,120.0,30,40,1000
188,0.8859536914958633,84.59554167499945,100,0.0,4.194304,61.80864,0.886323486383673,813.699164,865.5878720000001,140.0,30,40,1000
189,0.9705471297686216,77.11037097500082,100,0.0,4.194304,74.211328,0.9653971881358799,923.244708,962.6139699999999,180.0,30,40,1000
190,0.011098091397519324,24.314198950000065,100,0.0,5.24288,21.303296,0.011149613700449082,210.12691999999998,213.08539600000003,6.0,30,50,1000
191,0.010997955430020384,36.979860399999964,100,0.0,5.24288,21.95456,0.010934798692872233,318.99352999999996,339.023014,10.0,30,50,1000
192,0.05924962878070863,48.99958895000012,100,0.0,5.24288,24.879104,0.059268482564069705,849.543272,867.0717599999999,30.0,30,50,1000
193,0.19398464011670719,43.417544475000014,100,0.0,5.24288,30.507008,0.19447679127136164,836.65843,868.8596539999999,50.0,30,50,1000
194,0.3306784712066907,53.95371900000008,100,0.0,5.24288,34.951168,0.3382233572371751,894.191644,930.325442,70.0,30,50,1000
195,0.47395369355319544,71.66294137499989,100,0.0,5.24288,49.750016,0.47173977984612087,853.0540659999999,862.0129059999999,90.0,30,50,1000
196,0.5429222696244309,87.87297222500001,100,0.0,5.24288,53.579776,0.5532901688546348,849.9979639999999,866.242128,100.0,30,50,1000
197,0.774437769700085,90.98725749999943,100,0.0,5.24288,57.69216,0.7750060840528785,810.009728,897.2985759999999,120.0,30,50,1000
198,0.9416419297331725,77.24333090000073,100,0.0,5.24288,62.844928,0.9453280777455263,879.4095599999999,842.267348,140.0,30,50,1000
199,1.1804353934419052,86.2895597000005,100,0.0,5.24288,80.556032,1.1846367263016384,800.412696,855.1166479999999,180.0,30,50,1000
200,0.027984913087087514,3.559414450000004,100,0.0,0.524288,19.603456,0.028255573180754903,25.387824,25.574448,6.0,30,5,1000
201,0.02742438792937442,5.542706050000001,100,0.0,0.524288,21.008384,0.027132933720891962,42.203948,42.604444,10.0,30,5,1000
202,0.02900775752420871,16.212264450000013,100,0.0,0.524288,22.720512,0.028817349337518734,126.83546399999999,127.806184,30.0,30,5,1000
203,0.02993536309246011,24.5152634250001,100,0.0,0.524288,23.855104,0.029683669393518748,194.7328,195.603766,50.0,30,5,1000
204,0.028816193353920466,30.68834944999992,100,0.0,0.524288,24.838144,0.02895254094550795,249.290056,251.05216,70.0,30,5,1000
205,0.029389543695550798,39.387229374999855,100,0.0,0.524288,25.21088,0.029502497258012565,340.91987199999994,342.826646,90.0,30,5,1000
206,0.033420094780529236,44.708217500000025,100,0.0,0.524288,25.698304,0.03299875030240286,376.471584,382.750096,100.0,30,5,1000
207,0.03743862269350811,50.81964629999974,100,0.0,0.524288,26.353664,0.03804183511556403,464.98369599999995,476.399814,120.0,30,5,1000
208,0.039979878479236036,54.08358879999966,100,0.0,0.524288,28.010496,0.040052358270737755,558.606004,566.523968,140.0,30,5,1000
209,0.04508178950995353,55.66723545000016,100,0.0,0.524288,29.310976,0.045204224291494684,689.62686,694.825878,180.0,30,5,1000
210,0.020188574342495234,6.178818150000004,100,0.0,1.048576,19.898368,0.0196951152997741,50.547984,51.091392,6.0,40,10,1000
211,0.020624181499064913,9.563182325,100,0.0,1.048576,20.140032,0.020740349933743504,81.02880400000001,82.510814,10.0,40,10,1000
212,0.020941774742219428,26.747626874999987,100,0.0,1.048576,24.457216,0.022599608291591064,237.04477799999998,236.779282,30.0,40,10,1000
213,0.02386280118074883,41.46663030000015,100,0.0,1.048576,24.717312,0.023597784556596633,381.53023399999995,387.52131199999997,50.0,40,10,1000
214,0.027512196624040093,53.29667950000002,100,0.0,1.048576,25.92768,0.02770908823480996,528.981786,539.1317919999999,70.0,40,10,1000
215,0.032413796735392755,64.46468410000001,100,0.0,1.048576,26.284032,0.03194375445483643,649.234074,663.76311,90.0,40,10,1000
216,0.03797659936753655,64.67181947499974,100,0.0,1.048576,28.491776,0.03869382701398935,722.47669,736.0087599999999,100.0,40,10,1000
217,0.05881781095822396,63.57715732499969,100,0.0,1.048576,30.621696,0.058074954028424795,762.260094,769.031564,120.0,40,10,1000
218,0.18296557442992473,58.669823150000155,100,0.0,1.048576,33.849344,0.18517495781624907,831.942902,844.6296460000001,140.0,40,10,1000
219,0.4868967564718436,76.19019352500018,100,0.0,1.048576,52.514816,0.489347762486524,813.713184,850.40743,180.0,40,10,1000
220,0.05169475820332778,0.9776280250000002,100,0.0,0.104857,23.932928,0.07523529598796594,3.1876006,5.127056,6.0,40,1,1000
221,0.05006557294253036,1.510813800000005,100,0.0,0.104857,24.317952,0.07253506471752016,5.10264,8.539174,10.0,40,1,1000
222,0.04967241229620596,4.460491649999998,100,0.0,0.104857,24.543232,0.07637388465567979,15.320419999999999,25.619943999999997,30.0,40,1,1000
223,0.050292076977905525,6.784786524999986,100,0.0,0.104857,24.956928,0.07436892787808455,24.811802,40.116594,50.0,40,1,1000
224,0.05221445432014697,8.794815400000001,100,0.0,0.104857,25.362432,0.077880611893936,32.900692,55.65168,70.0,40,1,1000
225,0.050351523853098504,12.227147449999975,100,0.0,0.104857,25.964544,0.0748887159880577,44.780068,71.017458,90.0,40,1,1000
226,0.0532331566481203,12.758464724999996,100,0.0,0.104857,26.497024,0.07698830045331193,47.465171999999995,79.373712,100.0,40,1,1000
227,0.056797771325723764,14.144854250000005,100,0.0,0.104857,27.336704,0.08181475845096312,51.848974,84.45741199999999,120.0,40,1,1000
228,0.05989003377302515,16.841522699999878,100,0.0,0.104857,28.102656,0.08436984896939874,61.726916,103.571004,140.0,40,1,1000
229,0.06283786027211469,21.040406624999974,100,0.0,0.104857,29.257728,0.0888078066242689,82.780694,137.212754,180.0,40,1,1000
230,0.01570702864150844,10.512753400000008,100,0.0,2.097152,20.217856,0.015855473939809864,85.244066,89.706864,6.0,40,20,1000
231,0.015059593041664713,16.55158040000004,100,0.0,2.097152,20.672512,0.014703676781190025,159.994596,161.729028,10.0,40,20,1000
232,0.020329431128528787,44.31427385000006,100,0.0,2.097152,23.820288,0.019593968262474393,412.184588,410.661604,30.0,40,20,1000
233,0.031224414375932208,65.83385472499988,100,0.0,2.097152,25.10848,0.030771263468377913,690.008336,705.18094,50.0,40,20,1000
234,0.10514681720758709,48.905853900000196,100,0.0,2.097152,27.537408,0.10502645180044339,836.5125439999999,838.6399060000001,70.0,40,20,1000
235,0.2579234762737064,49.626384900000176,100,0.0,2.097152,33.214464,0.2602295799049199,868.095416,815.5649599999999,90.0,40,20,1000
236,0.34453526704308984,76.35216072499986,100,0.0,2.097152,41.725952,0.3409720505802407,945.1101659999999,889.06202,100.0,40,20,1000
237,0.5127162491686827,94.53640729999933,100,0.0,2.097152,51.298304,0.5161338726547,847.726236,924.88882,120.0,40,20,1000
238,0.6285851419139953,83.55478699999992,100,0.0,2.097152,63.889408,0.605477068906376,856.274912,864.167528,140.0,40,20,1000
239,0.9804287787612459,81.77837080000074,100,0.0,2.097152,67.633152,0.9520723088268254,779.477484,872.773828,180.0,40,20,1000
240,0.01194334273929276,14.562386975000004,100,0.0,3.145728,20.770816,0.011948540584306118,126.10263599999999,129.81373200000002,6.0,40,30,1000
241,0.012051957798122216,26.87050952500001,100,0.0,3.145728,21.307392,0.01208244651862337,230.820456,235.876952,10.0,40,30,1000
242,0.025930852056520497,59.60508997499989,100,0.0,3.145728,24.764416,0.027335145747532385,670.0280519999999,682.812116,30.0,40,30,1000
243,0.09912219414599452,44.26692225000011,100,0.0,3.145728,27.537408,0.09900560992298921,815.548282,817.5090539999999,50.0,40,30,1000
244,0.22935054565791094,62.11630137499995,100,0.0,3.145728,37.53984,0.23410011163765337,878.29628074,943.6913,70.0,40,30,1000
245,0.38202892446779774,65.22350380000006,100,0.0,3.145728,37.76512,0.3740727439267538,933.885416,960.812144,90.0,40,30,1000
246,0.45263432109857443,78.91378435000007,100,0.0,3.145728,52.047872,0.4540719704551142,803.772328,871.241368,100.0,40,30,1000
247,0.6759059724915037,90.30190069999975,100,0.0,3.145728,55.308288,0.6805441721940086,820.904784,882.00456,120.0,40,30,1000
248,0.7041306415827167,83.12019744999972,100,0.0,3.145728,64.8192,0.6759332178346149,811.9630359999999,838.6706939999999,140.0,40,30,1000
249,1.1691987451769332,83.30858209847042,100,0.0,3.145728,70.885376,1.1663020990811237,818.1264199999999,890.372706,180.0,40,30,1000
250,0.011400126187320146,20.513460675000015,100,0.0,4.194304,20.635648,0.011628439681783018,184.017758,184.069516,6.0,40,40,1000
251,0.012042900158487064,30.044532125000067,100,0.0,4.194304,21.1968,0.012001753936497155,270.08025999999995,270.89957,10.0,40,40,1000
252,0.030807588462753874,71.22475342499985,100,0.0,4.194304,23.728128,0.032457743500026226,816.2030400000001,833.54288,30.0,40,40,1000
253,0.16348950695733683,48.622522250000344,100,0.0,4.194304,28.348416,0.16318039440062793,874.96564,887.98392,50.0,40,40,1000
254,0.2857315455605913,58.11742500000001,100,0.0,4.194304,37.527552,0.2936500259859154,911.3229799999999,879.744744,70.0,40,40,1000
255,0.5124725045689487,87.35688210000063,100,0.0,4.194304,46.444544,0.5129709279222717,808.125996,846.780412,90.0,40,40,1000
256,0.5412129200686319,87.74492924999961,100,0.0,4.194304,50.655232,0.5152307147391032,908.82522,935.2156799999999,100.0,40,40,1000
257,0.6445205182564452,81.16663567500026,100,0.0,4.194304,55.713792,0.6502226443612124,800.9635599999999,905.693034,120.0,40,40,1000
258,0.8744190326315695,84.88443084999915,100,0.0,4.194304,62.390272,0.8708068245222501,832.247748,869.235128,140.0,40,40,1000
259,1.1551018299491234,84.39176060000051,100,0.0,4.194304,71.213056,1.1572862062394749,769.630668,921.132676,180.0,40,40,1000
260,0.012861783115918606,23.200080350000007,100,0.0,5.24288,21.438464,0.01275508979577899,220.08377000000002,219.028234,6.0,40,50,1000
261,0.011772089646136219,38.813550349999915,100,0.0,5.24288,21.630976,0.01270290735345612,366.12141399999996,363.096364,10.0,40,50,1000
262,0.05971548288124938,55.84309457499997,100,0.0,5.24288,27.209728,0.05972897077645543,820.68974,860.2082479999999,30.0,40,50,1000
263,0.19430679239690363,47.71999640000004,100,0.0,5.24288,32.13312,0.19579753195305918,838.2805760000001,888.358756,50.0,40,50,1000
264,0.35073909575666756,62.97614012500006,100,0.0,5.24288,42.348544,0.34133956017542383,897.651886,904.58705,70.0,40,50,1000
265,0.4706061339107358,68.20129145000031,100,0.0,5.24288,50.880512,0.4951370991421541,915.3543119999999,867.579852,90.0,40,50,1000
266,0.5448357741150505,87.77938234999993,100,0.0,5.24288,54.730752,0.563256572727602,844.146948,884.2442040000001,100.0,40,50,1000
267,0.8102646173762637,86.55431374999978,100,0.0,5.24288,61.390848,0.8111737973828795,792.635844,894.184268,120.0,40,50,1000
268,0.8305683687617956,82.57945364999983,100,0.0,5.24288,64.548864,0.7692073414218867,792.414986,864.103048,140.0,40,50,1000
269,1.2144944727830556,80.51818252500027,100,0.0,5.24288,73.367552,1.1940540871827197,819.14334,920.754376,180.0,40,50,1000
270,0.024974147179076006,3.1305232500000004,100,0.0,0.524288,19.079168,0.025322391965948515,25.349764,25.500875999999998,6.0,40,5,1000
271,0.02805626877540418,5.538500024999992,100,0.0,0.524288,19.92704,0.02711368055587232,42.246551999999994,42.57492,10.0,40,5,1000
272,0.027435262823118728,15.559187899999994,100,0.0,0.524288,20.856832,0.02728606892221136,126.797468,127.686508,30.0,40,5,1000
273,0.029307849121582297,24.884124850000067,100,0.0,0.524288,21.684224,0.029271320913626303,202.901872,204.119548,50.0,40,5,1000
274,0.028772997324933318,33.49906247500005,100,0.0,0.524288,22.46656,0.029696985320931527,279.85884,281.91916200000003,70.0,40,5,1000
275,0.029750331363783876,42.319149100000075,100,0.0,0.524288,23.32672,0.02945194571543852,338.21812,344.964644,90.0,40,5,1000
276,0.0322298199104786,42.11059257499983,100,0.0,0.524288,24.989696000000002,0.03267975550692179,367.413824,370.14176799999996,100.0,40,5,1000
277,0.03224174849461528,47.47109297499996,100,0.0,0.524288,26.165248,0.03233501469020431,468.82838,471.27081599999997,120.0,40,5,1000
278,0.03825742864672037,57.601248900000016,100,0.0,0.524288,27.52512,0.03810955291878926,561.647512,574.948664,140.0,40,5,1000
279,0.05494600231058902,55.98226287500019,100,0.0,0.524288,28.942336,0.055193939433102274,620.914826,621.2838160000001,180.0,40,5,1000
280,0.019754452998402575,6.2893121,100,0.0,1.048576,19.607552,0.020589619366038023,50.558147999999996,51.099312,6.0,50,10,1000
281,0.022745537885269642,9.846075000000031,100,0.0,1.048576,20.246528,0.02242930430177982,84.25478,85.205232,10.0,50,10,1000
282,0.02503225344773368,26.902004599999962,100,0.0,1.048576,21.282816,0.024625771854485595,238.961522,241.81186799999998,30.0,50,10,1000
283,0.02498850467334987,38.08447907499995,100,0.0,1.048576,22.716416,0.02540074843264611,357.81135800000004,360.609602,50.0,50,10,1000
284,0.028064771369017125,58.30197499999983,100,0.0,1.048576,22.986752,0.027154681802264023,544.3333359999999,552.8699399999999,70.0,50,10,1000
285,0.03284286298577829,64.46307195000003,100,0.0,1.048576,24.100864,0.034026727214203745,653.635624,663.3041939999999,90.0,50,10,1000
286,0.0357314064151114,66.19977104999997,100,0.0,1.048576,25.68192,0.0365235822837017,724.77007,733.56142,100.0,50,10,1000
287,0.06487296194837275,73.40781894999964,100,0.0,1.048576,29.343744,0.06377442352202423,879.396448,911.084586,120.0,50,10,1000
288,0.1853750963035878,63.97870665000056,100,0.0,1.048576,32.382976,0.18855906038351278,873.91552,907.5635,140.0,50,10,1000
289,0.47414941140153144,57.75493165000043,100,0.0,1.048576,42.037248,0.47443133942265736,818.140978,895.370052,180.0,50,10,1000
290,0.05525544467183092,0.9235179999999996,100,0.0,0.104857,23.527424,0.07582242204004169,2.5465679999999997,5.126403999999999,6.0,50,1,1000
291,0.05500187885651586,1.4633792750000014,100,0.0,0.104857,24.158208,0.07576064510696778,4.251672,8.543576,10.0,50,1,1000
292,0.05133265376205369,3.900189824999989,100,0.0,0.104857,26.509312,0.07691061165355684,12.127604,25.610155999999996,30.0,50,1,1000
293,0.05003402090546542,6.5705748500000105,100,0.0,0.104857,26.824704,0.07581236862289163,20.420574,41.414263999999996,50.0,50,1,1000
294,0.04996843800950496,8.70324010000001,100,0.0,0.104857,27.348992,0.07598970718876798,27.95903,55.914815999999995,70.0,50,1,1000
295,0.05013060887409556,11.804017499999997,100,0.0,0.104857,27.860992,0.07519449632783448,36.060056,72.03134599999998,90.0,50,1,1000
296,0.0521598712737991,12.690461875000025,100,0.0,0.104857,28.430336,0.07779000467662184,38.91243,77.13916,100.0,50,1,1000
297,0.05730406728011897,14.102000000000015,100,0.0,0.104857,29.151232,0.08276622122091905,43.734154,90.014162,120.0,50,1,1000
298,0.05946678777481101,15.567165550000084,100,0.0,0.104857,29.908992,0.08415945974329972,51.069862,106.474054,140.0,50,1,1000
299,0.06295621367080464,19.380090324999877,100,0.0,0.104857,30.900224,0.0870525240896767,69.89607000000001,138.90012,180.0,50,1,1000
300,0.01719083950948468,10.513486525,100,0.0,2.097152,20.381696,0.01721736866833478,96.608446,93.85421,6.0,50,20,1000
301,0.014262807443051351,19.254975100000003,100,0.0,2.097152,20.742144,0.014108306328384047,164.033154,166.00557400000002,10.0,50,20,1000
302,0.02150722730748543,45.90275505000001,100,0.0,2.097152,22.79424,0.021265183466517366,433.395406,438.63734,30.0,50,20,1000
303,0.030547306717134917,61.74019449999992,100,0.0,2.097152,24.428544000000002,0.031099260601706487,632.97093,652.1423299999999,50.0,50,20,1000
304,0.10636408195426802,53.58025937499989,100,0.0,2.097152,25.776128,0.1063792081617987,909.179676,921.593592,70.0,50,20,1000
305,0.25635486390440193,54.525019299999755,100,0.0,2.097152,33.353728,0.2534792589585799,837.588296,903.0654119999999,90.0,50,20,1000
306,0.3406031626819803,81.93792920000078,100,0.0,2.097152,40.3456,0.33683990736751274,779.440444,866.678874,100.0,50,20,1000
307,0.511838706173341,86.7553147999999,100,0.0,2.097152,54.00576,0.5093025984009226,763.9807,847.772664,120.0,50,20,1000
308,0.6384248727495754,81.85384852500022,100,0.0,2.097152,60.407808,0.635055188069668,741.519148,867.2857799999999,140.0,50,20,1000
309,0.9945397082610414,88.05730560000029,100,0.0,2.097152,63.250432,1.0018658913852492,683.669002,839.1701759999999,180.0,50,20,1000
310,0.01373156526217343,15.185265350000016,100,0.0,3.145728,20.8896,0.0136779048101541,138.72474,140.604688,6.0,50,30,1000
311,0.014194112239013363,24.75443692500001,100,0.0,3.145728,21.491712,0.013495501480277505,229.66911199999998,237.85883199999998,10.0,50,30,1000
312,0.024165485924339175,57.432275675,100,0.0,3.145728,24.1664,0.023533737597644228,578.862804,602.255946,30.0,50,30,1000
313,0.09839353661074057,43.27797165000007,100,0.0,3.145728,25.071616,0.09872784285286454,790.625132,808.190884,50.0,50,30,1000
314,0.23915448892589802,50.161213650000036,100,0.0,3.145728,38.223872,0.23708938491125237,828.6437119999999,833.487854,70.0,50,30,1000
315,0.36971249266193223,58.793182850000036,100,0.0,3.145728,38.137856,0.378848475757242,949.2384059999999,890.298512,90.0,50,30,1000
316,0.4435085305624393,78.88268332500061,100,0.0,3.145728,47.300608,0.4558920757571219,863.4855419999999,932.6076959999999,100.0,50,30,1000
317,0.6638868322434388,85.2524751499999,100,0.0,3.145728,56.262656,0.6540377505391508,806.697992,845.850388,120.0,50,30,1000
318,0.8183654965976864,82.47766375000083,100,0.0,3.145728,58.130432,0.819181964889861,736.520088,890.6344439999999,140.0,50,30,1000
319,1.1516054859239917,93.90999342499953,100,0.0,3.145728,68.550656,1.1517186922953204,748.4164499999999,905.8769114626666,180.0,50,30,1000
320,0.01123619781275079,19.824583775000004,100,0.0,4.194304,20.25472,0.01139622417759985,168.11787999999999,172.96762533333333,6.0,50,40,1000
321,0.011391500785357498,35.93560775000011,100,0.0,4.194304,21.72928,0.011371598066601103,319.907516048,311.0131792213333,10.0,50,40,1000
322,0.030942233123498322,61.41859060000003,100,0.0,4.194304,25.133056,0.03202049774787458,695.6501159999999,684.54616,30.0,50,40,1000
323,0.15679561643893858,45.7013127499998,100,0.0,4.194304,29.167616,0.15945936822899928,885.557892,839.93288,50.0,50,40,1000
324,0.29141057163675355,50.78470962499999,100,0.0,4.194304,34.38592,0.3070254961559019,913.6585799999999,884.012604,70.0,50,40,1000
325,0.43656417013080334,74.53039824999976,100,0.0,4.194304,43.425792,0.41858023236016567,761.075566,865.158512,90.0,50,40,1000
326,0.556580097763642,85.2320783500005,100,0.0,4.194304,51.617792,0.5517659250037548,807.730406,893.3783699999999,100.0,50,40,1000
327,0.7501834305656795,82.53523962499969,100,0.0,4.194304,53.420032,0.7398219167938432,736.966548,843.79958,120.0,50,40,1000
328,0.6469056883661228,79.17564130000017,100,0.0,4.194304,62.078976,0.6783849475485572,908.096616,1002.03076,140.0,50,40,1000
329,1.2319828432173896,76.85371449999963,100,0.0,4.194304,71.68,1.2246472505648687,824.305274,931.8627779999999,180.0,50,40,1000
330,0.012037647498278289,23.771531599999985,100,0.0,5.24288,20.60288,0.011763810756357844,210.220216,213.098772,6.0,50,50,1000
331,0.012764573773589558,41.157610550000044,100,0.0,5.24288,22.13888,0.012912724403051301,398.220814,396.36850200000003,10.0,50,50,1000
332,0.059978913365012564,43.96913710000003,100,0.0,5.24288,25.255936,0.05980428298223696,858.772392,863.844186,30.0,50,50,1000
333,0.1885756113779472,50.49312834999995,100,0.0,5.24288,32.391168,0.19345544781402574,919.589808,891.1975659999999,50.0,50,50,1000
334,0.34647079307784423,49.92630367500013,100,0.0,5.24288,36.937728,0.3475935128903933,886.989888,875.7173499999999,70.0,50,50,1000
335,0.4844471586795394,86.95747204999975,100,0.0,5.24288,49.061888,0.477726119831248,809.2356159999999,879.2299399999999,90.0,50,50,1000
336,0.549169403208341,65.85558405,100,0.0,5.24288,49.2544,0.5384275459428798,948.569234,899.1942139999999,100.0,50,50,1000
337,0.6930380024709288,66.97611204999987,100,0.0,5.24288,55.595008,0.644441452387742,853.1782619999999,945.1949259999999,120.0,50,50,1000
338,0.7713786943970402,77.91524792500084,100,0.0,5.24288,62.23052800000001,0.7767904770814072,830.897486,902.754592,136.5,50,50,1000
339,1.1692843044629244,82.46236625000023,100,0.0,5.24288,69.349376,1.1901570942234847,823.7020359999999,898.5793759999999,180.0,50,50,1000
340,0.02692047271143867,3.3428128500000005,100,0.0,0.524288,19.857408,0.02623747446950994,25.341983999999997,25.544832,6.0,50,5,1000
341,0.028053007094295618,5.402913850000002,100,0.0,0.524288,20.21376,0.02768007747885426,42.288579999999996,42.548604,10.0,50,5,1000
342,0.02815014241866718,15.619358825000006,100,0.0,0.524288,21.250048,0.027984053345496453,123.667416,124.528108,30.0,50,5,1000
343,0.02927366105979355,23.871496225,100,0.0,0.524288,21.83168,0.029158509149807096,196.69879999999998,198.215736,50.0,50,5,1000
344,0.029668449671491893,33.72507182499991,100,0.0,0.524288,22.437888,0.030146421964576797,278.3692,279.620504,70.0,50,5,1000
345,0.028468051193295922,40.765749350000036,100,0.0,0.524288,22.884352,0.028926042309577994,358.622056,361.21988999999996,90.0,50,5,1000
346,0.0290849785004514,43.47038777500032,100,0.0,0.524288,23.49056,0.029116814890003655,385.77009799999996,388.236396,100.0,50,5,1000
347,0.03511781642283857,48.572166925000104,100,0.0,0.524288,25.030656,0.034824065112464546,420.967576,430.565518,120.0,50,5,1000
348,0.03896257569012215,56.55206340000021,100,0.0,0.524288,25.686016,0.039119310077881476,549.5094879999999,566.9001519999999,140.0,50,5,1000
349,0.06839324071306589,57.889215325000265,100,0.0,0.524288,29.06112,0.06731137071157131,654.93014,670.710198,180.0,50,5,1000
350,0.020312955780692126,6.073053375000001,100,0.0,1.048576,19.718144,0.01947755657405085,50.542044,51.09249,6.0,60,10,1000
351,0.021309197091819165,9.860804775000021,100,0.0,1.048576,20.520960000000002,0.020434934293682924,84.24158,85.186,10.0,60,10,1000
352,0.022742848691724098,27.118094699999993,100,0.0,1.048576,23.527424,0.02414188028207754,241.52067999999997,246.809026,30.0,60,10,1000
353,0.02334883382656599,40.799863625000036,100,0.0,1.048576,25.1904,0.022578444800806865,364.607682,368.75251000000003,50.0,60,10,1000
354,0.02797545720330849,50.14275002499993,100,0.0,1.048576,25.489408,0.02791313818877334,484.06044199999997,489.621944,70.0,60,10,1000
355,0.034149401684860727,68.87697664999983,100,0.0,1.048576,26.509312,0.03446422870411372,699.3260539999999,709.988986,90.0,60,10,1000
356,0.039135366553207276,71.94558420000021,100,0.0,1.048576,27.15648,0.038374869397548604,758.13862,773.751528,100.0,60,10,1000
357,0.056912822502453636,69.00099612500057,100,0.0,1.048576,29.04064,0.05693244587761294,833.1897179999999,848.052956,120.0,60,10,1000
358,0.18350353784091278,56.77559702499977,100,0.0,1.048576,35.352576,0.1851709299348655,848.775664,896.9849200000001,140.0,60,10,1000
359,0.47047139883158196,59.79541889999993,100,0.0,1.048576,45.469696,0.4788364440921637,790.423786,850.3560719999999,180.0,60,10,1000
360,0.05382978562327697,0.9714152499999997,100,0.0,0.104857,23.916544,0.07835597763315985,2.125704,5.125234,6.0,60,1,1000
361,0.05101569104029813,1.3855713500000033,100,0.0,0.104857,24.203264,0.07477369978848697,3.4010999999999996,8.538587999999999,10.0,60,1,1000
362,0.05217968466708124,3.7255588750000013,100,0.0,0.104857,24.395776,0.0767442794924184,10.012318,23.47417,30.0,60,1,1000
363,0.050620467934633095,6.4396637499999905,100,0.0,0.104857,24.82176,0.0754624896275437,16.585832,42.674167999999995,50.0,60,1,1000
364,0.04843131514736897,8.400483474999998,100,0.0,0.104857,25.362432,0.07330716905352488,22.200607999999995,53.830780000000004,70.0,60,1,1000
365,0.0493154925160188,12.180262349999982,100,0.0,0.104857,25.853952,0.07405784366994521,29.26959,72.36840000000001,90.0,60,1,1000
366,0.052023356962107234,12.24344147500003,100,0.0,0.104857,26.447872,0.07718804111466085,28.614763999999997,81.919092,100.0,60,1,1000
367,0.05356274669372707,14.154006299999988,100,0.0,0.104857,27.185152,0.07919639575668694,39.48943,96.919566,120.0,60,1,1000
368,0.058671321378077894,16.562343449999872,100,0.0,0.104857,27.9552,0.08412727361061384,45.954014,108.666624,140.0,60,1,1000
369,0.06233686735997318,18.947814200000046,100,0.0,0.104857,28.995584,0.08894715861489402,56.774688,133.97963599999997,180.0,60,1,1000
370,0.01565869010533642,11.239186424999996,100,0.0,2.097152,20.25472,0.01636068248745657,100.93533599999999,102.243156,6.0,60,20,1000
371,0.014642265326044105,16.743862450000016,100,0.0,2.097152,20.512768,0.014798955711088017,147.24202200000002,145.79402199999998,10.0,60,20,1000
372,0.02146144227855414,44.864269375000006,100,0.0,2.097152,21.880832,0.02160834104158648,431.40568399999995,441.417736,30.0,60,20,1000
373,0.0305355198200651,59.10624445000004,100,0.0,2.097152,24.059904,0.02991029112978627,612.615368,626.811392,50.0,60,20,1000
374,0.10604985781094373,54.01055099999965,100,0.0,2.097152,25.178112,0.1060391658007834,899.880104,911.525372,70.0,60,20,1000
375,0.25440753101195934,51.5145428750003,100,0.0,2.097152,31.666176,0.2523729234025879,913.2168019999999,921.698416,90.0,60,20,1000
376,0.3261894725946174,65.86406024340013,100,0.0,2.097152,32.03072,0.3272236968948805,848.2024839999999,876.087046,100.0,60,20,1000
377,0.5218081939759731,89.18020839999912,100,0.0,2.097152,46.383104,0.5211438390030868,759.4713479999999,901.860556,120.0,60,20,1000
378,0.6650569640631105,85.32238737500037,100,0.0,2.097152,53.641216,0.6643495223988506,718.556942864,854.657112,140.0,60,20,1000
379,0.9726704930202673,92.5359474000004,100,0.0,2.097152,64.49152000000001,0.9813459594737555,773.9109920000001,946.3550299999999,180.0,60,20,1000
380,0.012461244292381948,15.407547474999994,100,0.0,3.145728,20.52096,0.012373374823571308,143.07332309333333,145.87594602933333,6.0,60,30,1000
381,0.01564388791571273,23.262363725000014,100,0.0,3.145728,21.573632,0.01662380631951784,214.433572,217.611406,10.0,60,30,1000
382,0.02681191792674409,61.76963165,100,0.0,3.145728,24.383488,0.02971101798814205,650.9249679999999,677.74804,30.0,60,30,1000
383,0.09890063636983878,46.610579300000055,100,0.0,3.145728,25.092096,0.09864142609306906,875.28644,869.9740879999999,50.0,60,30,1000
384,0.24097351100703931,52.323816225000286,100,0.0,3.145728,30.756864,0.2298444099891861,955.9446519999999,919.2071619999999,70.0,60,30,1000
385,0.40407817229946985,85.04072255000034,100,0.0,3.145728,43.773952,0.3885831732786773,927.670664,895.017636,90.0,60,30,1000
386,0.4346035919069374,72.59002710000004,100,0.0,3.145728,47.26784,0.43003507958601883,766.408412,828.625968,100.0,60,30,1000
387,0.6127503443284317,93.11655935000118,100,0.0,3.145728,56.147968,0.6327055782706322,770.0025119999999,926.3533799999999,120.0,60,30,1000
388,0.829342192862747,85.58050570000049,100,0.0,3.145728,58.015744,0.8253329100467034,783.8947519999999,877.606352,140.0,60,30,1000
389,1.1344929684165987,84.00772299999986,100,0.0,3.145728,66.093056,1.1385361871379032,729.8353139999999,840.465438,180.0,60,30,1000
390,0.011404249518233666,19.719233874999976,100,0.0,4.194304,20.242432,0.011345249744036372,183.870428,178.966902,6.0,60,40,1000
391,0.011355324713637205,32.4512119,100,0.0,4.194304,21.291008,0.011358775109612303,285.81726,292.03389,10.0,60,40,1000
392,0.028175278736916953,69.57734320000012,100,0.0,4.194304,25.14944,0.02888214620488516,740.1019739999999,739.5292320000001,30.0,60,40,1000
393,0.16420316776081909,52.11338955000003,100,0.0,4.194304,39.112704,0.16571854522438811,825.949282,847.964512,50.0,60,40,1000
394,0.28637289277906086,51.14510500000016,100,0.0,4.194304,39.264256,0.30901027807971704,857.2049059999999,818.536732,70.0,60,40,1000
395,0.4501392084820248,81.47412319999958,100,0.0,4.194304,46.12096,0.4687222014111918,913.088694,895.12949,90.0,60,40,1000
396,0.5231079261632741,85.38528422499994,100,0.0,4.194304,51.273728,0.5213441895166695,796.1795500000001,893.115336,100.0,60,40,1000
397,0.7261018638139318,84.9075015000004,100,0.0,4.194304,56.885248,0.7399356189672442,864.8050539999999,875.9540119999999,120.0,60,40,1000
398,0.868831772274327,82.73512345,100,0.0,4.194304,59.252736,0.8618287722650929,914.2193459999999,952.733622,140.0,60,40,1000
399,1.245604622912889,83.10068625000042,100,0.0,4.194304,70.119424,1.243471051620877,788.285496,828.991872,180.0,60,40,1000
400,0.01205649999467789,23.921423750000002,100,0.0,5.24288,21.03296,0.01213530018557249,210.48237999999998,213.34335799999997,6.0,60,50,1000
401,0.016130232247340455,34.68473279999991,100,0.0,5.24288,21.065728,0.014833944046128974,327.104606,338.19717399999996,10.0,60,50,1000
402,0.0595778379816297,46.24314075000022,100,0.0,5.24288,24.358912,0.05949714073262018,888.6698859999999,938.861152,30.0,60,50,1000
403,0.202160609144022,48.93084147499991,100,0.0,5.24288,28.708864,0.19272989194114215,870.701432,891.148788,50.0,60,50,1000
404,0.33260489419986483,54.15583689999934,100,0.0,5.24288,39.436288,0.3410854088096222,920.99448,896.479788,70.0,60,50,1000
405,0.5156805796464956,85.5891718499997,100,0.0,5.24288,48.570368,0.5214378405169899,835.10245,884.564022,90.0,60,50,1000
406,0.547114131618809,68.66252532499999,100,0.0,5.24288,51.97824,0.5324223941118342,860.811842,844.654912,100.0,60,50,1000
407,0.7797750547248428,93.5814554750003,100,0.0,5.24288,54.083584,0.7790179943714466,840.8173999999999,929.0579399999999,120.0,60,50,1000
408,0.947848511943252,82.30948167500003,100,0.0,5.24288,64.950272,0.9461919364774474,740.404594,882.729524,140.0,60,50,1000
409,1.2317773931895029,82.11804907500095,100,0.0,5.24288,68.096,1.23471017236554,700.9377259999999,894.638868,180.0,60,50,1000
410,0.02692211102860246,3.743804724999995,100,0.0,0.524288,19.800064,0.026946365079120318,25.347527999999997,25.562123999999997,6.0,60,5,1000
411,0.025739199325155525,5.6194221499999975,100,0.0,0.524288,20.328448,0.026883877475075764,42.238524,42.6001,10.0,60,5,1000
412,0.02873353046858251,15.412528300000016,100,0.0,0.524288,20.983808,0.0282268113563583,120.36542,120.15982,30.0,60,5,1000
413,0.029029547298148266,23.265698050000026,100,0.0,0.524288,21.512192,0.030156803222252004,179.827914,182.57644399999998,50.0,60,5,1000
414,0.030548752826614324,33.90730965000009,100,0.0,0.524288,22.306816,0.03061843797008304,269.593436,266.493512,70.0,60,5,1000
415,0.03093226313950425,44.088896475000006,100,0.0,0.524288,23.912448,0.03210600849952655,357.091072,361.86510799999996,90.0,60,5,1000
416,0.031754221021005724,44.403265899999944,100,0.0,0.524288,24.457216000000003,0.031526938512276656,388.9142,393.33930399999997,100.0,60,5,1000
417,0.036989452159889274,49.42914130000027,100,0.0,0.524288,25.051136,0.036651197152967704,439.636496,442.69110677333333,120.0,60,5,1000
418,0.041625484921824794,56.53591792500024,100,0.0,0.524288,25.939968,0.04307018441404112,530.890002,543.883302,140.0,60,5,1000
419,0.05740780351366462,57.231471600000106,100,0.0,0.524288,29.986816,0.058449649920834554,648.4323999999999,657.22366,180.0,60,5,1000
420,0.02189687076821925,5.907794150000001,100,0.0,1.048576,19.82464,0.02302953431075383,50.545871999999996,51.107231999999996,6.0,70,10,1000
421,0.02194466450986711,9.57909415,100,0.0,1.048576,20.0704,0.02279556103550207,84.23894,85.15005599999999,10.0,70,10,1000
422,0.02517397691335615,26.050672175000017,100,0.0,1.048576,21.598208,0.02389836075945942,237.63271200000003,243.24720399999998,30.0,70,10,1000
423,0.023282784230874775,42.401852550000015,100,0.0,1.048576,22.17984,0.022859554797861885,385.68564,390.48708999999997,50.0,70,10,1000
424,0.027883289835070928,52.64106799999997,100,0.0,1.048576,22.528,0.027467423110487735,500.21742399999994,505.62119399999995,70.0,70,10,1000
425,0.031775064119198435,63.55821624999969,100,0.0,1.048576,23.752704,0.032740163808573454,639.1098959999999,655.7403419999999,90.0,70,10,1000
426,0.03905951026519158,68.36919615000028,100,0.0,1.048576,25.370624,0.03870851008977977,718.8058,739.6557359999999,100.0,70,10,1000
427,0.0578657796899525,65.05646315000035,100,0.0,1.048576,27.516928,0.05953717328294135,820.861582,834.8657519999999,120.0,70,10,1000
428,0.18256749289231466,58.56029222500041,100,0.0,1.048576,32.395264,0.1847482002494178,884.990338,893.511266,140.0,70,10,1000
429,0.47065800826699933,57.67811994999974,100,0.0,1.048576,46.26432,0.46698110210940336,817.970656,892.238168,180.0,70,10,1000
430,0.05594021310966761,0.8730935000000009,100,0.0,0.104857,26.066944,0.07960206608754572,1.7006160000000001,5.127696,6.0,70,1,1000
431,0.05472517938981124,1.3069507499999966,100,0.0,0.104857,26.300416,0.08402660358734339,2.1259680000000003,8.536708,10.0,70,1,1000
432,0.04869680875627597,3.6740943749999975,100,0.0,0.104857,26.513408,0.07415397938453318,6.397816000000001,25.394537999999997,30.0,70,1,1000
433,0.04931770750658508,5.169560874999979,100,0.0,0.104857,26.779648,0.07427596586339119,11.055323999999999,36.27355,50.0,70,1,1000
434,0.04978486341598422,7.773403099999943,100,0.0,0.104857,27.385856,0.07316906673311319,16.189966,54.835192,70.0,70,1,1000
435,0.04980937677310089,9.351363400000023,100,0.0,0.104857,27.865088,0.07450805361478662,20.40792,68.26639999999999,90.0,70,1,1000
436,0.05021635354789314,10.692577750000032,100,0.0,0.104857,28.438528,0.07510414245126501,22.763632,75.127072,100.0,70,1,1000
437,0.053724951889867534,12.650722324999908,100,0.0,0.104857,29.151232,0.07848596498593231,26.785988,95.987988,120.0,70,1,1000
438,0.056682106552362804,15.338888799999939,100,0.0,0.104857,29.88032,0.08249270101638076,32.596726000000004,110.095922,140.0,70,1,1000
439,0.06111169678427899,18.418579300000104,100,0.0,0.104857,30.924799999999998,0.08702381835689746,41.286708,144.85623999999999,180.0,70,1,1000
440,0.014545550788527643,10.990115797188754,100,0.0,2.097152,19.972096,0.0145517688489935,100.73937078884461,102.04832180079681,6.0,70,20,1000
441,0.013755731625038674,17.583526774999992,100,0.0,2.097152,21.000192,0.013962128866014879,151.701248,153.39220799999998,10.0,70,20,1000
442,0.021317838662052273,44.89930709999999,100,0.0,2.097152,24.150016,0.02112454025708618,454.61317199999996,455.37440399999997,30.0,70,20,1000
443,0.031644176106245286,69.05497260000004,100,0.0,2.097152,26.198016,0.03247051413992377,723.4723939999999,747.812186,50.0,70,20,1000
444,0.10613350658628676,53.6505877499998,100,0.0,2.097152,29.155328,0.10600043985154717,918.923466,928.3523759999999,70.0,70,20,1000
445,0.25976779380050574,50.181975624999716,100,0.0,2.097152,33.09568,0.2586384975196933,863.6374579999999,883.17388,90.0,70,20,1000
446,0.323576387126566,76.25504139999961,100,0.0,2.097152,39.616512,0.3271415929313577,810.8130259999999,890.8351279999999,100.0,70,20,1000
447,0.5076340090619871,80.04639387499992,100,0.0,2.097152,48.263168,0.5105455365956175,773.585416,918.737484,120.0,70,20,1000
448,0.6690988197487757,88.35041345000008,100,0.0,2.097152,53.293056,0.6741079987675647,752.9165879999999,881.015656,140.0,70,20,1000
449,0.9867038615490505,84.21165122499943,100,0.0,2.097152,61.48096,0.9932013504439527,654.979916,832.0108799999999,180.0,70,20,1000
450,0.028517640986737314,3.5522832250000005,100,0.0,0.524288,19.832832,0.03018629914377993,25.342908,25.556976,6.0,70,5,1000
451,0.02517184025216842,5.246176425000016,100,0.0,0.524288,19.869696,0.02548249510537595,42.220704,42.511296,10.0,70,5,1000
452,0.026297251492168695,15.669199425000002,100,0.0,0.524288,20.799488,0.02646705478469888,126.61065599999999,127.63727399999999,30.0,70,5,1000
453,0.028559809511923932,24.281501550000062,100,0.0,0.524288,21.6064,0.027664952744983002,194.775068,196.886388,50.0,70,5,1000
454,0.03228370146541465,31.889257149999928,100,0.0,0.524288,22.085632,0.031809861277856386,251.52745599999997,256.20759799999996,70.0,70,5,1000
455,0.03269059334247954,38.758316099999846,100,0.0,0.524288,23.220224,0.03199836938565338,322.06233599999996,325.52784399999996,90.0,70,5,1000
456,0.03182838464599807,42.22760789453366,100,0.0,0.524288,23.699456,0.030882109982938645,347.90009799999996,353.057186,100.0,70,5,1000
457,0.03453133254911359,49.708158225000076,100,0.0,0.524288,24.424447999999998,0.03446460241913793,441.196056,446.588912,120.0,70,5,1000
458,0.039793937958365555,48.379107674999844,100,0.0,0.524288,25.833472,0.04048110495677333,502.19692799999996,500.667438,140.0,70,5,1000
459,0.05653586612107299,58.686380599999666,100,0.0,0.524288,28.557312,0.05742948403491695,656.54092,681.60218,180.0,70,5,1000
460,0.014402279576981392,16.543771024999998,100,0.0,3.145728,20.779008,0.013612045462854855,145.06172199999997,147.040154,6.0,70,30,1000
461,0.01257968810073145,25.70439185,100,0.0,3.145728,21.123072,0.012589028766276208,227.264128,230.126824,10.0,70,30,1000
462,0.02924212373999464,59.2005166749999,100,0.0,3.145728,25.800704,0.02676697755340749,653.5706319999999,666.924612,30.0,70,30,1000
463,0.09807996410374585,46.17967924999995,100,0.0,3.145728,27.090944,0.09916753741879641,869.00383,857.842018,50.0,70,30,1000
464,0.23667446319232954,49.043814075000114,100,0.0,3.145728,34.512896,0.24167943469790562,835.2389019999999,864.912426,70.0,70,30,1000
465,0.36313407479618065,63.042469750000414,100,0.0,3.145728,41.713664,0.377930584065022,938.55644,912.499208,90.0,70,30,1000
466,0.4764891757849191,80.58253559999926,100,0.0,3.145728,47.75936,0.4672118999322677,813.522698,927.684332,100.0,70,30,1000
467,0.5992541781286111,76.92557217499996,100,0.0,3.145728,50.610176,0.6172604327889963,719.981774,882.668236,120.0,70,30,1000
468,0.7429525379630173,77.44432840000002,100,0.0,3.145728,54.079488,0.7478191625275532,838.2612479999999,839.5489719999999,140.0,70,30,1000
469,1.168305244728944,84.13316265000077,100,0.0,3.145728,66.494464,1.1804403396599035,652.658912,829.064732,180.0,70,30,1000
470,0.011302400739193296,18.969616899999984,100,0.0,4.194304,20.611072,0.01126934767813708,169.122902,167.13401199999998,6.0,70,40,1000
471,0.011458703252930795,30.695589500000064,100,0.0,4.194304,21.819392,0.011423145635244946,269.714648,274.69302,10.0,70,40,1000
472,0.034942508106126924,66.86062387499999,100,0.0,4.194304,26.2144,0.03253370452919491,723.9260439999999,734.785032,30.0,70,40,1000
473,0.1607325044837242,47.94114655000019,100,0.0,4.194304,30.343168,0.16118526989529358,876.8460480000001,900.4583539999999,50.0,70,40,1000
474,0.30140216243032764,59.00952170000018,100,0.0,4.194304,36.7616,0.28581319383507586,859.003344,916.729464,70.0,70,40,1000
475,0.44797322564895914,82.43327970000003,100,0.0,4.194304,46.047232,0.45642274343652,816.1092219999999,881.75484,90.0,70,40,1000
476,0.5469591430408235,83.49506735000034,100,0.0,4.194304,50.712576,0.5408379178682765,762.4598760000001,893.039088,100.0,70,40,1000
477,0.6697877249931322,94.3142330249998,100,0.0,4.194304,57.0368,0.6601985910371769,794.818668,939.7416519999999,120.0,70,40,1000
478,0.6741168336873518,77.24042760000032,100,0.0,4.194304,58.1632,0.6497253665019577,822.167058,886.691172,140.0,70,40,1000
479,1.2447530894230194,81.2129973999987,100,0.0,4.194304,70.950912,1.249429816406206,700.070772,858.46664,180.0,70,40,1000
480,0.011091687952882671,26.306950800000006,100,0.0,5.24288,21.172224,0.011115426829958771,252.15441599999997,255.60010799999998,6.0,70,50,1000
481,0.011069082142388786,41.055918624999954,100,0.0,5.24288,21.520384,0.011029517905841873,378.570592,385.12979600000006,10.0,70,50,1000
482,0.05506320205636436,46.70600870000001,100,0.0,5.24288,26.509312,0.055568563232807455,882.1318679999999,880.4105280000001,30.0,70,50,1000
483,0.19249461506890087,48.617886649999775,100,0.0,5.24288,31.604736,0.1925202247942402,885.25866,874.34196,50.0,70,50,1000
484,0.33985538473668686,49.51459739999997,100,0.0,5.24288,38.453248,0.34043355522617885,852.4835079999999,865.0679379999999,70.0,70,50,1000
485,0.4544666759991694,60.62006339999968,100,0.0,5.24288,49.180672,0.5127339287128501,858.395252,853.0828859999999,90.0,70,50,1000
486,0.5992211134739346,76.44194555000041,100,0.0,5.24288,52.117504,0.6085933790855803,751.870112,924.467822,100.0,70,50,1000
487,0.7606981826228874,87.94321747500078,100,0.0,5.24288,54.652928,0.7627545140193517,816.29827,895.443082,120.0,70,50,1000
488,0.8742135629426115,77.01064392500001,100,0.0,5.24288,62.83264,0.8676923670079959,863.2286959999999,863.500424,140.0,70,50,1000
489,1.174082563498578,77.24558159999901,100,0.0,5.24288,72.155136,1.1791595923232583,773.1150359999999,887.987468,180.0,70,50,1000
490,0.02128994050084045,6.139915949999999,100,0.0,1.048576,19.730432,0.02041720347520837,50.543364,51.063672,6.0,80,10,1000
491,0.02094536455672276,10.083659099999998,100,0.0,1.048576,21.143552,0.019633416532493175,84.22507999999999,85.14407399999999,10.0,80,10,1000
492,0.022452449918014705,27.242976850000034,100,0.0,1.048576,21.38112,0.02337789390901577,223.368516,226.16425999999998,30.0,80,10,1000
493,0.025216993031844295,35.55353149999991,100,0.0,1.048576,22.458368,0.025208925374990948,334.73057,339.478532,50.0,80,10,1000
494,0.025805499613234334,52.32041584999987,100,0.0,1.048576,23.240704,0.0269453916610105,505.84556,520.173624,70.0,80,10,1000
495,0.03334937142228958,61.70110352499982,100,0.0,1.048576,24.571904,0.03377587943825913,645.0413599999999,653.8554979999999,90.0,80,10,1000
496,0.03894812888403516,63.068686750000325,100,0.0,1.048576,26.177536,0.03837020797506277,673.353758,689.362284,100.0,80,10,1000
497,0.058495477463425316,71.93422369999993,100,0.0,1.048576,28.22144,0.0583809169271341,844.138202,886.6389219999999,120.0,80,10,1000
498,0.18547446342595894,64.17092490000016,100,0.0,1.048576,33.067008,0.18789109265184478,879.1347840000001,912.948048,140.0,80,10,1000
499,0.4720767355879246,62.14298684999875,100,0.0,1.048576,45.981696,0.4766604334641916,804.274486,905.251462,180.0,80,10,1000
500,0.05810257599105673,0.8387187000000005,100,0.0,0.104857,23.662592,0.07883767960961657,1.696656,5.125974,6.0,80,1,1000
501,0.0496420214374606,1.2374581250000016,100,0.0,0.104857,24.190976,0.07764281501602904,2.066390652,8.537204,10.0,80,1,1000
502,0.0479879294957239,3.265659799999998,100,0.0,0.104857,25.993216,0.07341850100609384,4.340392,24.325122,30.0,80,1,1000
503,0.04964675825072668,5.137000224999989,100,0.0,0.104857,26.263552,0.07514751853301628,8.078916,39.042722,50.0,80,1,1000
504,0.047172973438573976,7.1755152499999975,100,0.0,0.104857,26.763264,0.07380139683036369,11.479619999999999,53.544157999999996,70.0,80,1,1000
505,0.049549788102782294,9.633240200000026,100,0.0,0.104857,27.316224,0.07501104458873936,14.705324,71.78179,90.0,80,1,1000
506,0.04918812666496862,10.654622949999972,100,0.0,0.104857,27.881472,0.07471166056898677,17.728934,77.646052,100.0,80,1,1000
507,0.05567165152104665,12.808034800000012,100,0.0,0.104857,28.594176,0.08160410533361467,19.835282,94.079936,120.0,80,1,1000
508,0.056988504440731565,14.047448875000068,100,0.0,0.104857,29.364224,0.08352914882770002,21.322248,103.950312,140.0,80,1,1000
509,0.060517988496064073,16.798767224999978,100,0.0,0.104857,30.318592,0.08562524603083654,27.297984,131.29674799999998,180.0,80,1,1000
510,0.027211784204917853,3.2257172,100,0.0,0.524288,20.353024,0.02884338349463723,25.340268,25.5612,6.0,80,5,1000
511,0.028052944077778204,5.349344074999984,100,0.0,0.524288,20.361216,0.02780309039574833,42.236684,42.592839999999995,10.0,80,5,1000
512,0.028125763376542358,15.779786899999948,100,0.0,0.524288,20.660224,0.02712709218472182,123.70219752076036,125.62697743671836,30.0,80,5,1000
513,0.02749702748594898,23.049840400000043,100,0.0,0.524288,21.151744,0.027882228402882396,191.731584,192.04251599999998,50.0,80,5,1000
514,0.028373810591970354,34.912227674999926,100,0.0,0.524288,21.48352,0.028266443283716206,277.142316,286.311544,70.0,80,5,1000
515,0.031202601390607255,40.25772860000014,100,0.0,0.524288,22.810624,0.03053404717313913,334.043952,334.179434,90.0,80,5,1000
516,0.030817722352753686,42.290682599999485,100,0.0,0.524288,23.392256000000003,0.030353841197751558,378.427352,381.95906399999996,100.0,80,5,1000
517,0.034287415938987195,51.95985562499992,100,0.0,0.524288,24.621056,0.035293903437416535,460.54198799999995,467.52915999999993,120.0,80,5,1000
518,0.04084254432260628,54.187884024999995,100,0.0,0.524288,25.972735999999998,0.04203550724636426,521.110052,529.6359399999999,140.0,80,5,1000
519,0.06883879202555393,57.46041510000026,100,0.0,0.524288,28.626944,0.06838879513316765,592.329412,611.82093,180.0,80,5,1000
520,0.014222718250945912,10.640474049999993,100,0.0,2.097152,21.164032,0.013851845350975616,92.52443199999999,93.74609000000001,6.0,80,20,1000
521,0.013233721871511745,18.026561974999964,100,0.0,2.097152,21.17632,0.013264941155737158,160.047764,161.871178,10.0,80,20,1000
522,0.018821366372799905,44.12355279999982,100,0.0,2.097152,22.806528,0.019671294799638615,445.865956,452.50746,30.0,80,20,1000
523,0.028823754084673477,59.9282951750002,100,0.0,2.097152,24.571904,0.029288861409091205,674.460982,656.2884859999999,50.0,80,20,1000
524,0.10586573729164726,47.77865672499999,100,0.0,2.097152,26.529792,0.10516689084503192,898.1950360000001,902.630404,70.0,80,20,1000
525,0.25765789069801504,50.307578924999774,100,0.0,2.097152,30.478336,0.2608998924192484,868.17247,887.41905,90.0,80,20,1000
526,0.3286083393378576,71.13556790000004,100,0.0,2.097152,37.43744,0.32318354076123196,793.0843259999999,883.7271519999999,100.0,80,20,1000
527,0.5158403707919437,87.47959774999998,100,0.0,2.097152,46.73536,0.5101164310365535,716.097568,855.471188,120.0,80,20,1000
528,0.6489443807171554,84.22806824999967,100,0.0,2.097152,53.014528,0.6648363650050297,716.692542,889.882826,140.0,80,20,1000
529,0.9771968225525026,78.44480607499946,100,0.0,2.097152,60.874752,1.0169611236542022,664.871484,884.396424,180.0,80,20,1000
530,0.013619263140791735,14.492453699999999,100,0.0,3.145728,21.03296,0.013971097281854555,126.149284,127.83752,6.0,80,30,1000
531,0.012157572666725333,26.15728869999994,100,0.0,3.145728,21.17632,0.012235977432207943,233.513422,239.84529726399998,10.0,80,30,1000
532,0.023559208495328436,62.71739710000004,100,0.0,3.145728,23.691264,0.025812342718352907,655.673356,674.79187,30.0,80,30,1000
533,0.09760959173053102,45.947715099999975,100,0.0,3.145728,24.33024,0.09871169244246557,824.4137000000001,823.4380219999999,50.0,80,30,1000
534,0.23664744038929547,48.35519167499989,100,0.0,3.145728,32.70656,0.24840630644693656,853.5953499999999,840.584632,70.0,80,30,1000
535,0.37275775198844885,63.669890599999945,100,0.0,3.145728,37.670912,0.36837736187186837,796.619888,886.962176,90.0,80,30,1000
536,0.46004101791435875,73.54120512500018,100,0.0,3.145728,43.64288,0.4786424450748977,826.595808,968.4641819999999,100.0,80,30,1000
537,0.6792729504835832,76.1339215250004,100,0.0,3.145728,51.068928,0.6765140045164075,754.518996,890.3467039999999,120.0,80,30,1000
538,0.8125025179114487,83.21607850000063,100,0.0,3.145728,58.515456,0.7976903445851355,799.719212,906.7579659999999,140.0,80,30,1000
539,0.9718799258444271,78.7809497000012,100,0.0,3.145728,63.20128,0.9553243421842867,721.76173,860.074356,180.0,80,30,1000
540,0.013867001290883033,18.887375525000003,100,0.0,4.194304,21.000192,0.011457423900893379,176.53868999999997,177.608126,6.0,80,40,1000
541,0.015909638215359925,31.554170149999948,100,0.0,4.194304,21.03296,0.014217479845293927,296.243774,306.291638,10.0,80,40,1000
542,0.033343680455096045,74.99364044999996,100,0.0,4.194304,24.313856,0.027438655610878195,857.237076,864.841658,30.0,80,40,1000
543,0.1647068897067328,50.368427900000334,100,0.0,4.194304,27.017216,0.16690923692347645,913.6359279999999,919.624712,50.0,80,40,1000
544,0.30211760082786837,52.611068699999926,100,0.0,4.194304,33.23904,0.28359461841613326,936.4555580000001,864.434864,70.0,80,40,1000
545,0.49326585039429627,90.19909995000006,100,0.0,4.194304,47.337472,0.5013582759846956,801.5681299999999,938.338808,90.0,80,40,1000
546,0.49286373292755237,84.19407835000001,100,0.0,4.194304,47.886336,0.5539575935210681,785.11773,862.2430079999999,100.0,80,40,1000
547,0.6496275815969814,79.69739939999982,100,0.0,4.194304,53.026816,0.6935544860615117,691.0523499999999,879.1977999999999,120.0,80,40,1000
548,0.813206526671885,81.64098075000084,100,0.0,4.194304,56.406016,0.8541798097369468,751.5511779999999,861.984756,140.0,80,40,1000
549,1.2149609593818398,82.70533375000042,100,0.0,4.194304,68.837376,1.2040199819156199,735.3232579999999,917.883538,180.0,80,40,1000
550,0.011015112124006857,22.122967150000015,100,0.0,5.24288,21.172224,0.010995012654929717,199.66605,196.802236,6.0,80,50,1000
551,0.011395800090263026,35.149283275,100,0.0,5.24288,21.413888,0.012237091893291287,361.52451599999995,367.833666,10.0,80,50,1000
552,0.05629988207682897,46.98511340000007,100,0.0,5.24288,25.776128,0.056347662971471965,844.83104,849.234112,30.0,80,50,1000
553,0.19090483697901123,48.28592402500007,100,0.0,5.24288,29.741056,0.19649763312126015,895.281624,905.737544,50.0,80,50,1000
554,0.31644311183399043,63.32288229999996,100,0.0,5.24288,39.714816,0.34262830106322106,873.2774539999999,858.90471,70.0,80,50,1000
555,0.5050910335040141,79.36114855000014,100,0.0,5.24288,45.768704,0.5005297105927203,805.17652,892.841268,90.0,80,50,1000
556,0.5371992116329654,90.22428022500009,100,0.0,5.24288,48.013312,0.5703051591437842,771.3467079999999,899.5324459999999,100.0,80,50,1000
557,0.7256831333625499,83.41224385000032,100,0.0,5.24288,53.727232,0.7220538346835053,788.258826,873.943858,120.0,80,50,1000
558,0.8974851036271473,83.07934689999996,100,0.0,5.24288,61.087744,0.8872863389205031,784.674138,904.5366979999999,140.0,80,50,1000
559,1.266300032758386,81.68384725000095,100,0.0,5.24288,69.238784,1.2665456953766872,750.292708,871.2172579999999,180.0,80,50,1000
560,0.024850019901317688,5.767737825000002,100,0.0,1.048576,19.697664,0.024207565934328892,50.551019999999994,51.119243999999995,6.0,90,10,1000
561,0.021362806108281104,9.666892724999986,100,0.0,1.048576,20.45952,0.023967141536925578,84.26941599999999,85.18869000000001,10.0,90,10,1000
562,0.023508970548123356,26.674531324999972,100,0.0,1.048576,23.474176,0.024170540624147932,231.853284,234.280428,30.0,90,10,1000
563,0.024071336632723487,41.29598682499997,100,0.0,1.048576,24.20736,0.02422677101953083,364.90621,378.496848,50.0,90,10,1000
564,0.027896983684725252,51.76402369999984,100,0.0,1.048576,26.329088,0.028661799753569993,515.51972,529.973988,70.0,90,10,1000
565,0.03218386813704871,63.79084970000015,100,0.0,1.048576,26.66496,0.0327684135083636,661.946922,684.2996820000001,90.0,90,10,1000
566,0.03818644481883718,66.81691597500006,100,0.0,1.048576,27.152384,0.03534389137380212,750.9875400000001,768.572452,100.0,90,10,1000
567,0.055923583218585746,73.73580734999976,100,0.0,1.048576,31.227904,0.056607733590914006,842.88852,887.250644,120.0,90,10,1000
568,0.1846604094894505,57.22552234999938,100,0.0,1.048576,33.550336,0.18606929530899197,860.6467439999999,877.668058,140.0,90,10,1000
569,0.48325746459615543,58.64719774999969,100,0.0,1.048576,44.285952,0.4782239778766375,785.685126,908.1396400000001,180.0,90,10,1000
570,0.055314702700060614,0.811457224999998,100,0.0,0.104857,23.908352,0.08240524426974533,0.85044,5.123856,6.0,90,1,1000
571,0.05061044527055476,1.1552851000000004,100,0.0,0.104857,24.203264,0.0737910873115466,0.85044,8.535706,10.0,90,1,1000
572,0.04863603628636464,3.265466649999993,100,0.0,0.104857,24.379392,0.07550941916591594,2.550792,25.597344,30.0,90,1,1000
573,0.04893596792303791,4.925337574999977,100,0.0,0.104857,24.662016,0.07680956331720823,4.251804,39.04088,50.0,90,1,1000
574,0.048557451327584905,7.038187550000008,100,0.0,0.104857,25.165824,0.07462738303578112,4.889502,55.67011599999999,70.0,90,1,1000
575,0.04749417617452281,8.90871135000002,100,0.0,0.104857,25.64096,0.07329826357657784,6.164766,69.955,90.0,90,1,1000
576,0.04901946861359706,9.419163349999993,100,0.0,0.104857,26.210304,0.0745058488244808,6.803520000000001,75.77848,100.0,90,1,1000
577,0.051842005820844056,12.155454499999951,100,0.0,0.104857,26.923008,0.07679589294556619,10.020482,93.259624,120.0,90,1,1000
578,0.05418699164738319,13.311807299999945,100,0.0,0.104857,27.660288,0.0813505902357662,10.917577999999999,107.949654,140.0,90,1,1000
579,0.059847581193441565,15.91902622500001,100,0.0,0.104857,28.696576,0.08563057820788617,14.289214,131.61186,180.0,90,1,1000
580,0.014990577798898699,11.028711199999996,100,0.0,2.097152,20.242432,0.013946091814359839,90.36043555,91.93215172800001,6.0,90,20,1000
581,0.015963123075435716,16.603203899999983,100,0.0,2.097152,21.331968,0.015437767976012982,155.638082,161.923804,10.0,90,20,1000
582,0.020507578234745066,46.29006689999997,100,0.0,2.097152,22.233088,0.02077145599778877,424.583404,441.11226,30.0,90,20,1000
583,0.03122023027505518,63.03905285000013,100,0.0,2.097152,24.22784,0.02948976281320908,651.891256,668.980612,50.0,90,20,1000
584,0.10649373543810062,49.003652249999874,100,0.0,2.097152,25.772032,0.10685350982301821,851.530858,855.11586,70.0,90,20,1000
585,0.25887653438781744,48.83258310000009,100,0.0,2.097152,32.21504,0.2601694670925242,858.1170259999999,871.54277,90.0,90,20,1000
586,0.3266288313497189,64.05637177499912,100,0.0,2.097152,39.047168,0.33562678301728477,763.355156,843.391024,100.0,90,20,1000
587,0.5008713774892106,86.90957242499948,100,0.0,2.097152,45.154304,0.5058081890401332,738.7132419999999,901.062228,120.0,90,20,1000
588,0.6645256583542662,81.98922680000038,100,0.0,2.097152,52.658176,0.650212607730184,710.533296,834.400418,140.0,90,20,1000
589,0.9823432562193837,82.09069679999956,100,0.0,2.097152,55.169024,0.9751608711089976,529.157964,867.9586059999999,180.0,90,20,1000
590,0.014622091961630975,14.579765874999984,100,0.0,3.145728,20.250624,0.01413338037110766,126.17757599999999,127.840688,6.0,90,30,1000
591,0.012779806645994884,28.548375924999945,100,0.0,3.145728,21.024768,0.011994491985346425,252.19431600000001,255.594466,10.0,90,30,1000
592,0.023431774310848634,61.55375230000004,100,0.0,3.145728,23.076864,0.024610244216049938,629.963632,645.2755080000001,30.0,90,30,1000
593,0.09730892537614227,46.318980650000086,100,0.0,3.145728,24.932352,0.09740348333203383,799.3339819999999,781.54098,50.0,90,30,1000
594,0.23291564622322697,63.493704749999935,100,0.0,3.145728,33.058816,0.2398724817490649,847.40584,835.328894,70.0,90,30,1000
595,0.40714996434001804,85.43123547500038,100,0.0,3.145728,42.876928,0.4229408969702347,741.385418,852.9058679999999,90.0,90,30,1000
596,0.40934653680434485,66.45217122499929,100,0.0,3.145728,45.584384,0.4181079195075358,757.0766879999999,847.903178,100.0,90,30,1000
597,0.5575172292374925,77.10161222500034,100,0.0,3.145728,51.089408,0.6138907572366,757.602286,903.36344,120.0,90,30,1000
598,0.7934552463044042,85.90583792499942,100,0.0,3.145728,62.976,0.7989590496083762,691.1460519999999,860.3002859999999,140.0,90,30,1000
599,1.1007151133511783,89.48868405000212,100,0.0,3.145728,63.602688,1.1214831155847258,628.661282,915.7474,180.0,90,30,1000
600,0.011750541753033136,22.201326275,100,0.0,4.194304,20.381696,0.01171860208199705,201.75320399999998,202.681786,6.0,90,40,1000
601,0.01640549349405264,30.056265050000036,100,0.0,4.194304,21.241856,0.02046567236153107,285.859532,290.076188,10.0,90,40,1000
602,0.030512725631922442,67.34803675000016,100,0.0,4.194304,23.502848,0.030594046786384582,764.711096,774.91266,30.0,90,40,1000
603,0.16513325230301065,44.90850120000012,100,0.0,4.194304,27.541504,0.16999426858656985,876.7836,887.1597899999999,50.0,90,40,1000
604,0.29049091196277016,46.51159949999979,100,0.0,4.194304,31.60064,0.29519042769139914,838.125966,869.112296,70.0,90,40,1000
605,0.45049968511898364,77.96989235000034,100,0.0,4.194304,43.917312,0.4645776499032958,926.397214,871.994302,90.0,90,40,1000
606,0.5012857654200236,83.9823901999992,100,0.0,4.194304,50.089984,0.5400952715839873,786.9074700000001,907.5436299999999,100.0,90,40,1000
607,0.600506758307364,83.07034820000041,100,0.0,4.194304,50.704384,0.7007659315205576,823.879032,903.70236,120.0,90,40,1000
608,0.8968825898689167,87.42350315000067,100,0.0,4.194304,57.32352,0.896964358672726,823.216382,934.931052,140.0,90,40,1000
609,1.1772062477118053,82.07842170000106,100,0.0,4.194304,64.565248,1.1819876119818347,659.973068,863.1092,180.0,90,40,1000
610,0.02491092162446267,3.274069974999999,100,0.0,0.524288,19.070976,0.025137979225722588,25.342247999999998,25.506301999999998,6.0,90,5,1000
611,0.028624329421606677,5.25299145,100,0.0,0.524288,19.689472,0.026623223245950234,42.306343999999996,42.56361,10.0,90,5,1000
612,0.028634472667840513,15.017658374999998,100,0.0,0.524288,22.75328,0.02843998974431449,124.713168,127.68288399999999,30.0,90,5,1000
613,0.028036487935598074,23.831880949999995,100,0.0,0.524288,23.81824,0.028749678870472938,199.52186,200.762056,50.0,90,5,1000
614,0.029130827807181535,30.65755687500014,100,0.0,0.524288,24.018944,0.02892286162958001,255.348512,258.372096,70.0,90,5,1000
615,0.03320329583176053,39.266004950000166,100,0.0,0.524288,24.764416,0.03300480158994344,337.312906,342.495882,90.0,90,5,1000
616,0.03269270697566133,47.48527552500015,100,0.0,0.524288,25.243648,0.03208288686889477,385.07649599999996,388.261328,100.0,90,5,1000
617,0.035735466183610745,45.82354535000022,100,0.0,0.524288,26.345472,0.03599048874240614,446.28923999999995,434.380938,120.0,90,5,1000
618,0.0376711477180568,55.06840922500018,100,0.0,0.524288,27.295744,0.038188592315923475,538.0226759999999,554.4502679999999,140.0,90,5,1000
619,0.0575522378393018,55.45359884999996,100,0.0,0.524288,29.855744,0.058652032332023527,633.7425460000001,654.408494,180.0,90,5,1000
620,0.012665630366440571,24.310492324999977,100,0.0,5.24288,21.143552,0.011173642664158883,210.751342,217.671034,6.0,90,50,1000
621,0.011058324409154196,38.93193980000001,100,0.0,5.24288,21.823488,0.011128981806350708,371.912776,372.830296,10.0,90,50,1000
622,0.058060119242008275,48.16192634999972,100,0.0,5.24288,24.342528,0.05613652561227303,914.470242,912.728428,30.0,90,50,1000
623,0.19391304464115994,46.26972787499977,100,0.0,5.24288,29.581312,0.21764190283927515,894.0083979999999,815.9536879999999,50.0,90,50,1000
624,0.3288520506972013,53.62019467500013,100,0.0,5.24288,36.4544,0.34960406174660325,904.619076,885.71668,70.0,90,50,1000
625,0.48739721168130085,64.79156614999972,100,0.0,5.24288,46.538752,0.48349646964692045,892.702224,887.165658,90.0,90,50,1000
626,0.5912625933758842,84.42151254999999,100,0.0,5.24288,50.171904,0.5922137512625257,785.7628179999999,869.9372999999999,100.0,90,50,1000
627,0.7532380763354064,82.59951357499986,100,0.0,5.24288,52.6336,0.7708327173553435,794.03036,904.793404,120.0,90,50,1000
628,0.9411302855209519,82.89525714999968,100,0.0,5.24288,58.79808,0.9417118060525701,692.0934219999999,894.7402999999999,140.0,90,50,1000
629,1.1472331361872694,69.09954567500023,100,0.0,5.24288,63.684608,1.0373906719905557,673.261684,852.4285359999999,180.0,90,50,1000
