,cached_download_latency@client,cached_download_time@client,cpu@cache,cpu_limit,disk_node@cache,disk_write_speed@cache,failed_reqs_per_sec@client,filesize@client,idle_node_23@cache,iowait_node_23@cache,iowait_node_23_perc@cache,irq_node_23@cache,mem@cache,non_cached_download_latency@client,non_cached_download_time@client,rx_bitrate_cadv@cache:server,softirq_node_23@cache,tasks_uninterruptible_cadv@cache,tcp_established_cadv@cache,tx_bitrate_cadv@cache:client,tx_packet_size_cadv@cache:client,vcdn_users@client,wl_cachedperc,wl_filesize,wl_ratelimit
0,0.021383624036529623,0.13360691663423854,79.71196719428544,100,0.013608695652168457,31156.78066650717,0.0,5.242880000000002,0.1873913043474085,0.0,0.0,0.0,22.54830191304347,0.024143130544880164,0.13960592855189066,763.2145634704247,0.31913043478261505,0.0,1.8695652173913044,775.6820880172666,4183.230875052296,10.0,90,5000,2000
1,0.03979270301948489,0.2643204248703651,84.96567050808375,100,0.016088888888892445,33268.62222222222,0.0,5.242880000000001,0.05577777777766136,0.0,0.0,0.0,24.648635733333332,0.04539865568339581,0.2651291541919712,938.5700011768297,0.38977777777778705,0.0,3.7111111111111112,967.2790336453925,4175.298321346142,15.0,90,5000,2000
2,0.06348643234365077,0.4021138918002473,96.94159493916446,100,0.016977777777790633,37091.555555555555,0.0,5.242880000000001,0.020444444444729017,0.0,0.0,0.0,27.09149013333333,0.07002530536187569,0.39660827281898753,963.0472910866367,0.4151111111110974,0.0,8.311111111111112,988.8114837762961,4170.135335997929,20.0,90,5000,2000
3,0.10410500264465619,0.5797567384795664,94.4365961783193,100,0.01546666666665462,34984.69451851852,0.0,5.242880000000001,0.005333333333449749,0.0,0.0,0.0,28.645421511111117,0.10009484030134413,0.5544491378919274,1031.0638520659556,0.43233333333332163,0.0,13.555555555555555,1075.5280681697184,4166.337586830003,25.0,90,5000,2000
4,0.16135581031874924,0.8864018105549486,99.9535242523651,100,0.0164444444444497,42521.83343807224,0.0,5.242880000000002,0.0024444444447807552,0.0,0.0,0.0,32.130935466666664,0.16950226622069192,0.9021923417387252,1036.561349987436,0.4412222222222125,0.0,21.244444444444444,1117.6674720350604,4164.700056546272,35.0,90,5000,2000
5,0.25490499168665254,1.414125105052931,96.13917740297926,100,0.015688888888901905,36577.21931851852,0.0,5.242880000000002,0.0004444444448583656,0.0,0.0,0.0,37.08591217777777,0.2590399694724455,1.3916017356158805,1004.0288305530072,0.4382222222222279,0.0,33.84444444444444,1107.8001240192,4164.497929240449,50.0,90,5000,2000
6,0.4418882002691804,2.324236166142858,91.00076257617106,100,0.011777777777782224,25115.276325925926,0.0,5.242880000000002,0.006000000000090545,0.0,0.0,0.0,44.068864,0.4401104316699025,2.3186823987781597,1010.3225023075408,0.4322222222222081,0.0,52.422222222222224,1116.6375002848056,inf,75.0,90,5000,2000
7,0.5890288682877484,3.0572851531148597,98.04249194581634,100,0.017022222222213813,27488.71111111111,0.0,5.242880000000002,0.00655555555551675,0.0,0.0,0.0,47.69901226666668,0.5886844402268563,3.092597463399097,851.7738128994963,0.4443333333333511,0.0,63.0,1129.828004193363,4159.251297814168,100.0,90,5000,2000
8,0.7649929810391632,4.015632208341122,100.4358732830755,100,0.011200000000018109,24360.58074074074,0.0,5.242880000000002,0.0024444444444573794,0.0,0.0,0.0,55.62550044444446,0.7789952381201701,4.08812668646601,838.9779345330371,0.4449999999999717,0.0,79.88888888888889,1151.322331068563,4158.661469132431,125.0,90,5000,2000
9,0.016867361662632124,0.03888525995221295,43.902699330645184,100,0.029066666666666505,50600.163555555555,0.0,2.097151999999999,0.5573333333333721,0.0,0.0,0.0,22.430970311111114,0.01657618420422785,0.039586233020055414,369.05530177007404,0.15188888888888968,0.0,0.4222222222222222,379.2904682281482,4208.625660845727,10.0,10,2000,2000
10,0.020090407170511786,0.048622428504668,57.171908594822234,100,0.030844444444442665,52313.68722962963,0.0,2.097151999999999,0.3853333333332557,0.0,0.0,0.0,24.320045511111115,0.019268179993980866,0.048258462271769,548.8101539660444,0.22922222222222344,0.0,0.6666666666666666,535.7187933333333,4195.707030782594,15.0,10,2000,2000
11,0.027708854154076472,0.06988924927706823,73.24779090728224,100,0.032133333333371816,61562.39454814814,0.0,2.097151999999999,0.23722222222293365,0.0,0.0,0.0,26.757347555555548,0.02654743179654172,0.07037719390009738,677.063358266074,0.2874444444444331,0.0,0.9555555555555556,686.188887465837,4195.076159851001,20.0,10,2000,2000
12,0.03501289990426016,0.09308502800237585,84.26276423937524,100,0.06071111111107004,60102.74780793861,0.0,2.097151999999999,0.12466666666635623,0.0,0.0,0.0,28.835111822222228,0.033914326394841696,0.09706391433286428,811.6437408565391,0.34066666666665496,0.0,2.2222222222222223,824.5271020112365,4188.177764666366,25.0,10,2000,2000
13,0.07014012890726147,0.18886147009680335,91.53950948991108,100,0.03355555555558062,57069.17357037037,0.0,2.097151999999999,0.024999999999353248,0.0,0.0,0.0,32.4947512888889,0.06547539371116984,0.19083001512194353,950.7965545223111,0.4017777777777661,0.0,8.311111111111112,968.2128817575704,4165.403029360376,35.0,10,2000,2000
14,0.16294579558723582,0.36568908443143805,93.41353364275108,100,0.030888888888916374,60406.04823703704,0.0,2.097151999999999,0.003777777776768845,0.0,0.0,0.0,38.124384711111105,0.15598490184742822,0.3643553319497709,1124.5725821370072,0.42099999999999355,0.0,20.955555555555556,1132.6679853654516,4160.805746522805,50.0,10,2000,2000
15,0.3294362709443497,0.7291347821407086,91.19615263409845,100,0.027600000000004205,57822.29143703704,0.0,2.097151999999999,0.005999999999120417,0.0,0.0,0.0,47.55765475555555,0.33368912888923125,0.7452620599198921,1030.6691374528002,0.4264444444444254,0.0,41.06666666666667,1063.0672784414814,4155.725547800068,75.0,10,2000,2000
16,0.5418474582035663,1.1683765600586582,92.94097469586517,100,0.03493333333331571,53635.329896296294,0.0,2.097151999999999,0.0,0.0,,0.0,55.52310044444446,0.536646009931923,1.165247589700632,1041.5927898450964,0.4183333333333394,0.0,59.84444444444444,1073.076383263289,4154.074118246184,100.0,10,2000,2000
17,0.71084527775879,1.5096249796468129,99.71087459925535,100,0.03122727272730944,63371.977696969705,0.0,2.0971519999999995,0.0,0.0,,0.0,64.63599709090907,0.7010888480284921,1.492294412619087,1040.8677346307272,0.4240909090909058,0.0,79.06818181818181,1097.7818451179394,4154.21878622377,125.0,10,2000,2000
18,0.017452387110686446,0.0634400139467244,54.969560304836975,100,0.030608695652181665,50162.82156521739,0.0,3.145727999999999,0.4029347826084552,0.0,0.0,0.0,22.302898086956525,0.017367201380270307,0.06418531071712101,515.2129414684058,0.21521739130433992,0.0,0.7608695652173914,521.0762389286957,4190.628330875229,10.0,10,3000,2000
19,0.025932188219826867,0.09571957052473451,77.53036648980446,100,0.02831111111107829,55961.12971851852,0.0,3.145727999999999,0.20088888888906997,0.0,0.0,0.0,25.028016355555565,0.02556138107002286,0.1013952597371845,738.1472337473184,0.309777777777779,0.0,1.8444444444444446,753.3528739962073,4190.343515107907,15.0,10,3000,2000
20,0.03836052409689486,0.14892049745640273,89.69854247381113,100,0.02617777777775498,54705.53884444444,0.0,3.145727999999999,0.06822222222205407,0.00011111111111110874,0.202020202009508,0.0,26.491835733333335,0.03675990086227706,0.14839581379295924,897.2891726146371,0.37477777777776283,0.0,3.8,926.4113113800888,4175.448827548575,20.0,10,3000,2000
21,0.06856035710431894,0.25319909274165686,93.94341557693113,100,0.06466666666666343,49962.825955555556,0.0,3.145727999999999,0.03155555555584012,0.0,0.0,0.0,29.194831644444452,0.05938563957437341,0.2448297816033467,884.2090654845035,0.4022222222222202,0.0,8.022222222222222,887.187174959763,4170.04185934957,25.0,10,3000,2000
22,0.11994530283799894,0.3981592825613282,95.1499111775281,100,0.03155555555553696,55686.121244444446,0.0,3.1457279999999996,0.009222222222403313,0.0,0.0,0.0,32.263827911111115,0.11472653879690749,0.3923833540723218,1083.053627026548,0.42777777777776765,0.0,15.555555555555555,1097.992994792652,4162.978262594042,35.0,10,3000,2000
23,0.22143077812738168,0.729389041973392,98.64504583573854,100,0.02751111111111742,60321.06382222222,0.0,3.145727999999999,0.0024444444441340035,0.0,0.0,0.0,37.25466737777778,0.22321854059923132,0.7407077205051089,1062.1834302206814,0.43277777777776566,0.0,29.711111111111112,1087.8725924894222,4160.550204108636,50.0,10,3000,2000
24,0.3984188574648826,1.2723005419206979,94.88589574299925,100,0.03039999999998852,47919.61979259259,0.0,3.1457279999999996,0.0017777777774932069,0.0,0.0,0.0,48.449763555555556,0.3985932409575502,1.281903826631556,1082.7454441069037,0.41755555555555474,0.0,46.888888888888886,1090.7158633953184,4157.938685574294,75.0,10,3000,2000
25,0.610005727757095,1.9291771680640213,94.39654867766293,100,0.034537130094961364,59264.29582222222,0.0,3.1457279999999996,0.003888888888953564,0.0,0.0,0.0,57.97660444444447,0.60962345284412,1.939695116856977,1033.9745717838223,0.4189341150195503,0.0,73.64444444444445,1035.157925708978,4155.826514197037,100.0,10,3000,2000
26,0.8646524070341914,2.7172962576179645,95.59707572499836,100,0.05657777777778392,59586.78755555555,0.0,3.1457279999999996,0.006000000000090545,0.0,0.0,0.0,65.11311075555558,0.8535329926194578,2.7034445098063755,932.7022374039111,0.4428888888888852,0.0,91.84444444444445,959.5806344533925,4156.157430258457,125.0,10,3000,2000
27,0.02299844306487438,0.13547874486099445,82.05160579579568,100,0.028399999999944865,39199.82263413925,0.0,5.242880000000001,0.18677777777807528,0.0,0.0,0.0,22.68355697777777,0.022560886720355205,0.14370958006378307,748.1926269052007,0.3126666666666804,0.0,1.9555555555555555,767.4449964035537,4181.809477448692,10.0,10,5000,2000
28,0.04133974317189532,0.24881186152148496,92.83391858297776,100,0.024933333333380384,51372.8512,0.0,5.242880000000001,0.042666666667274616,0.0,0.0,0.0,24.799550577777776,0.04004858016949821,0.25586644237216505,946.3890441799109,0.39277777777778183,0.0,4.444444444444445,932.6058059390817,4176.557305758186,15.0,10,5000,2000
29,0.07523534171452606,0.408739838526176,92.32726110976,100,0.02808888888893206,43635.14311111111,0.0,5.242880000000001,0.010222222222364508,0.0,0.0,0.0,27.068461511111106,0.07023730549186696,0.4030100349583815,1054.8639162251259,0.42988888888889454,0.0,7.4,1031.3457743535998,4168.801947721487,20.0,10,5000,2000
30,0.10059729725589736,0.5591696759150859,96.77339015429334,100,0.041111111111119196,47395.544177777774,0.0,5.242880000000001,0.010888888889005304,0.0,0.0,0.0,28.47275235555555,0.09939518454680663,0.5734145705042331,1102.972699915674,0.43400000000002464,0.0,13.511111111111111,1127.7423037002666,4166.093275784589,25.0,10,5000,2000
31,0.16586714312179934,0.9112044415535564,96.17548303671113,100,0.029333333333326866,56970.32343703704,0.0,5.242880000000001,0.008444444444224548,0.0,0.0,0.0,32.28885902222222,0.1678595631874047,0.9206525324365329,1041.5633878116741,0.43088888888889615,0.0,23.066666666666666,1068.347625074726,4164.147985267869,35.0,10,5000,2000
32,0.26831518092149415,1.4266953013404278,93.02723904405039,100,0.028666666666625436,48274.02998518518,0.0,5.242880000000002,0.0005555555557495811,0.0,0.0,0.0,38.21413262222222,0.268048938694384,1.4727675976713928,1083.0734427930074,0.4299999999999879,0.0,34.2,1106.1393280976,4160.493331000864,50.0,10,5000,2000
33,0.4778397681846263,2.508203167409503,95.73019369230448,100,0.030000000000008083,50054.84942222222,0.0,5.242880000000002,0.005333333333449749,0.0,0.0,0.0,46.67801599999999,0.4753393661019985,2.50039497815725,980.9819602254817,0.43277777777776566,0.0,60.51111111111111,1003.2826066497777,4159.143347395833,75.0,10,5000,2000
34,0.7143396895028088,3.74841192300676,95.21981944451703,100,0.02982222222223451,52188.562014814815,0.0,5.242880000000002,0.003888888888630188,0.0,0.0,0.0,55.94034631111109,0.7090431398259615,3.7182260605964745,926.8645372096001,0.4278888888888913,0.0,81.42222222222222,956.8501751727998,4158.406125656337,100.0,10,5000,2000
35,0.9246382112306883,4.85294913986333,97.27900738430223,100,0.05933333333327432,55053.97191111111,0.0,5.242880000000001,0.0012222222223903776,0.0,0.0,0.0,63.919718400000015,0.9217359763511729,4.835264937444414,964.0246354876446,0.4403333333333143,0.0,104.84444444444445,973.8328022879406,4157.476327573763,125.0,10,5000,2000
36,0.021804879241266933,0.01660222580940314,18.979828146013336,100,0.03337777777774641,61641.67490370371,0.0,0.7340030000000001,0.7916666666673134,0.0,0.0,0.0,22.42459875555555,0.021180628427385682,0.016471255400272118,130.93979199431112,0.07188888888888162,0.0,0.1111111111111111,134.68966267727407,4186.729168487682,10.0,10,700,2000
37,0.022037432109757428,0.017570777416604566,27.470727596515562,100,0.03084444444446288,53918.59105185186,0.0,0.7340030000000001,0.7051111111100504,0.0,0.0,0.0,24.02941155555556,0.022228669803942683,0.018006219063433304,203.48681747792597,0.1069999999999911,0.0,0.15555555555555556,202.26071578862218,4220.770656226424,15.0,10,700,2000
38,0.022887420711425674,0.018388608454289003,34.945547247492605,100,0.031511111111144095,63368.457481481484,0.0,0.7340030000000001,0.6197777777780882,0.0,0.0,0.0,26.120647111111115,0.02258644161947792,0.018349439203399667,276.6429038272592,0.1335555555555604,0.0,0.37777777777777777,271.5282650065185,4215.372556146987,20.0,10,700,2000
39,0.02468166863619846,0.021109842157788796,44.42459281201185,100,0.033199999999972835,65003.52,0.0,0.7340030000000001,0.5398888888891734,0.0,0.0,0.0,27.391681422222234,0.023703844800011073,0.02051002354295584,337.1757096029629,0.1679999999999988,0.0,0.5555555555555556,341.19997984165923,4210.799982686471,25.0,10,700,2000
40,0.02549645963414141,0.02249448147592576,54.68108488485182,100,0.028177777777778426,63721.01688888889,0.0,0.7340030000000001,0.4158888888901048,0.0,0.0,0.0,31.468475733333335,0.026102325143795627,0.023056628690199782,449.2089214910222,0.20877777777778747,0.0,0.8,454.1961396330074,4245.933422503256,35.0,10,700,2000
41,0.03541521419290096,0.035685377689909634,76.88420340353481,100,0.03266666666665211,67267.33368888889,0.0,0.7340030000000001,0.2213333333325055,0.0,0.0,0.0,39.02504959999999,0.03523534543591286,0.03483627619054634,627.446331368237,0.2974444444444392,0.0,0.6222222222222222,627.2274029942519,4198.929222912793,50.0,10,700,2000
42,0.07334716175243879,0.07246415641254264,94.63540333761635,100,0.03017777777782208,86562.52776296296,0.0,0.7340030000000001,0.04477777777808822,0.0,0.0,0.0,42.884118755555555,0.06924284660279621,0.07247508877478066,901.0675523232001,0.3911111111111091,0.0,3.088888888888889,939.2004550629333,4149.583428742785,75.0,10,700,2000
43,0.16309945178894888,0.16674628078055848,97.76186933376114,100,0.032355555555578674,85775.00732871254,0.0,0.7340030000000001,0.013111111111680254,0.0,0.0,0.0,50.12129564444444,0.1586802453590587,0.17096334838985636,957.077121423488,0.40366666666664563,0.0,18.42222222222222,1029.6524642632514,4127.838904731987,100.0,10,700,2000
44,0.302374642275305,0.27574644903952683,99.02037860468371,100,0.030177777777741235,83559.31022222222,0.0,0.7340030000000001,0.0006666666666407966,0.0,0.0,0.0,58.37118577777777,0.29842174095815827,0.2796268057680509,1021.0919593040002,0.40811111111111636,0.0,25.866666666666667,1059.670870460385,4129.988635564177,125.0,10,700,2000
45,0.016694560452735114,0.03965154765219183,43.383417941011594,100,0.030478260869546393,50640.628869565226,0.0,2.097151999999999,0.5443478260871337,0.0,0.0,0.0,22.519807999999998,0.016189455279161616,0.03899301018629657,353.9824187271304,0.16021739130436521,0.0,0.21739130434782608,364.67060657339135,4164.065095575688,10.0,30,2000,2000
46,0.019371091294204314,0.04864295473246349,58.173420333681904,100,0.024478260869569647,52189.06527536233,0.0,2.097151999999999,0.3928260869566736,0.0,0.0,0.0,25.96436591304348,0.019304674928459453,0.04849602162715989,534.4584259926377,0.21978260869564506,0.0,0.5217391304347826,548.128868226145,4195.925773127905,15.0,30,2000,2000
47,0.02619704925260259,0.07034710553630097,73.25134794566738,100,0.027260869565235105,47476.94376811594,0.0,2.097151999999999,0.23706521739127903,0.0,0.0,0.0,27.841135304347823,0.026009170272256778,0.07150838630757239,683.569899814029,0.2938043478260644,0.0,1.4782608695652173,701.3910655560579,4181.265977392283,20.0,30,2000,2000
48,0.03154459154295719,0.08982713453072796,86.9200378200313,100,0.051688888888889374,53393.86894586895,0.0,2.097151999999999,0.13388888888843617,0.0,0.0,0.0,29.831259022222216,0.032252747711570606,0.09087230259521553,829.250392263843,0.33622222222224485,0.0,1.9777777777777779,845.3609232260565,4181.92451410451,25.0,30,2000,2000
49,0.07175763979887965,0.17890709082306738,94.18335482514148,100,0.025377777777773898,50253.368888888894,0.0,2.097151999999999,0.015555555555814256,0.0,0.0,0.0,35.433949866666666,0.06649019611390128,0.1758545362085697,970.475614818074,0.4110000000000077,0.0,8.022222222222222,997.5183689682964,4163.012140706178,35.0,30,2000,2000
50,0.1623751292792801,0.36479356754025477,97.59509548681334,100,0.024888888888906675,57935.64444444444,0.0,2.097151999999999,0.006222222222519728,0.0,0.0,0.0,40.758476800000004,0.16245915013172138,0.3632584531791081,1026.1158559933037,0.41688888888888365,0.0,17.377777777777776,1072.4436041643849,4162.264164878837,50.0,30,2000,2000
51,0.31190750469685713,0.6999965985833687,95.81460162066894,100,0.029066666666666505,59135.10494814815,0.0,2.097151999999999,0.0015555555550640242,0.0,0.0,0.0,47.76045226666666,0.31731129239439126,0.7168652942836224,986.1517219130075,0.436111111111101,0.0,39.111111111111114,1071.0121935125926,4156.254579190956,75.0,30,2000,2000
52,0.5255745410372943,1.1315328260844204,97.01764821473476,100,0.03137777777776339,72912.07680000001,0.0,2.097151999999999,0.0024444444447807552,0.0,0.0,0.0,55.4136007111111,0.512277190593897,1.1373234251290865,953.3813890240001,0.4147777777777972,0.0,51.333333333333336,1052.9728677225482,4153.443744393293,100.0,30,2000,2000
53,0.7374382768489631,1.5725677576876453,95.5293680621541,100,0.05324444444443846,58393.273837037035,0.0,2.097151999999999,0.003666666666847757,0.0,0.0,0.0,68.32464782222222,0.7503087419558834,1.5940156334077633,874.745011509452,0.42099999999999355,0.0,74.95555555555555,988.8560325391998,4152.8059363242555,125.0,30,2000,2000
54,0.017061933055214723,0.06257550636382928,54.85106541871087,100,0.03160869565217779,54703.26724637682,0.0,3.145727999999999,0.4159782608688186,0.0,0.0,0.0,22.881680695652175,0.017224813100916746,0.0633974395345659,519.7668195925218,0.21804347826085416,0.0,0.41304347826086957,532.4118587521158,4190.610742778677,10.0,30,3000,2000
55,0.023727607061384354,0.0911511171775464,78.04954413272972,100,0.02565217391302015,49924.89739130435,0.0,3.145727999999999,0.21065217391341043,0.00021739130434782146,0.11116600790363183,0.0,25.197078260869578,0.023694136153475466,0.09333117938974327,743.7453952262607,0.3015217391304324,0.0,1.7608695652173914,755.3837804,4189.782035271365,15.0,30,3000,2000
56,0.03520464987403108,0.13814298879519585,89.17704301309332,100,0.02897777777779993,53602.62257777777,0.0,3.145727999999999,0.07033333333319104,0.0,0.0,0.0,28.1772032,0.033683724554554116,0.13360710086107103,925.5140965170369,0.3781111111111285,0.0,3.111111111111111,942.4066676670818,4177.149586192744,20.0,30,3000,2000
57,0.056089457419038265,0.22940394281531984,90.94040784233782,100,0.054844444444451156,58301.61445925926,0.0,3.145727999999999,0.037222222222286896,0.0,0.0,0.0,29.77518933333333,0.055454446115593754,0.23000156727140045,953.4782095722668,0.39944444444446264,0.0,8.0,976.6371958501331,4170.465368503829,25.0,30,3000,2000
58,0.10465826846568065,0.36907384204716825,92.38501850861711,100,0.02746666666666392,52276.75565710429,0.0,3.145727999999999,0.005666666666446771,0.0,0.0,0.0,35.124838399999994,0.1046813076941768,0.37926225757165183,1060.1583480171369,0.4330000000000028,0.0,13.977777777777778,1107.4961712814422,4166.24482346828,35.0,30,3000,2000
59,0.2162712628321839,0.702406319312872,96.24422296158818,100,0.024000489378265537,46145.353955555554,0.0,3.145727999999999,0.0026666666668865623,0.0,0.0,0.0,38.49712071111111,0.2174693949350355,0.6986059910601833,1065.712281559111,0.43845445445444475,0.0,27.11111111111111,1116.6191037475555,4162.451602495081,50.0,30,3000,2000
60,0.3893103171834294,1.2529822575107474,94.41818262572002,100,0.024488888888885816,52291.08337777779,0.0,3.1457279999999996,0.0,0.0,,0.0,47.69245866666667,0.39097365543111734,1.26041701069491,1064.9367408862815,0.42666666666668285,0.0,48.68888888888889,1111.322598309452,4157.299584608853,75.0,30,3000,2000
61,0.5629803399377704,1.8165040051468397,99.5819669122201,100,0.027066666666683482,49888.2499862476,0.0,3.1457279999999996,0.0,0.0,,0.0,54.930454755555566,0.5672255881004199,1.8220499320193326,1034.5210115002747,0.4274444444444473,0.0,64.73333333333333,1108.7581720402036,4122.498326897365,100.0,30,3000,2000
62,0.7762017934550648,2.453889924034362,97.99223265548305,100,0.05182222222218924,50001.48005925926,0.0,3.1457279999999996,0.0,0.0,,0.0,63.93164231111112,0.7798607338258609,2.4649060352694345,1024.7258846522666,0.43144444444445373,0.0,86.93333333333334,1143.0667789567997,4154.204020634322,125.0,30,3000,2000
63,0.02099063987081025,0.016521437732792552,18.266617797777776,100,0.028488888888892283,41850.92551111111,0.0,0.7340030000000001,0.797111111111331,0.0,0.0,0.0,22.355421866666664,0.021597300958210146,0.01699359526118241,140.39642861285924,0.06544444444443798,0.0,0.26666666666666666,142.22192378044443,4208.668617482193,10.0,30,700,2000
64,0.022642431818253903,0.01873503276910059,28.949028729754804,100,0.028177777777778426,49553.37765925926,0.0,0.7340030000000001,0.6971111111110077,0.0,0.0,0.0,26.909991822222224,0.022210696345665987,0.01821327327797284,199.51683901374813,0.10733333333333171,0.0,0.08888888888888889,201.72896141173334,4215.353284093395,15.0,30,700,2000
65,0.02194278153932917,0.01767682960560513,36.4007497989558,100,0.02899999999997659,55308.05055072464,0.0,0.7340030000000001,0.6302173913041453,0.0,0.0,0.0,27.512653913043472,0.022088002862253445,0.01787007053683822,274.30970146486953,0.13456521739130553,0.0,0.10869565217391304,277.60721762510144,4246.819701809075,20.0,30,700,2000
66,0.023755427215881704,0.020236578496215095,46.83836980438115,100,0.059173913043492656,54135.31826086957,0.0,0.7340030000000001,0.5389130434787543,0.0,0.0,0.0,29.146245565217374,0.024480133326071858,0.021027935143453982,362.7019989721739,0.1736956521739182,0.0,0.5434782608695652,364.8523675373912,4174.191958625947,25.0,30,700,2000
67,0.02599353787985912,0.023837069445016398,55.536454985113295,100,0.029377777777780365,67219.91111111111,0.0,0.7340030000000001,0.4184444444448066,0.0,0.0,0.0,33.240405333333335,0.026428611327832717,0.024602473436316035,455.0965577074963,0.2183333333333293,0.0,0.6666666666666666,474.74407869285915,4227.632589480792,35.0,30,700,2000
68,0.03450397787794491,0.032435397740911635,72.28768102204974,100,0.026888888888869485,62672.53665375195,0.0,0.7340030000000001,0.23688888888831974,0.0,0.0,0.0,39.39669333333333,0.0346722091245904,0.0330089023014165,640.1961348085907,0.2869999999999891,0.0,0.8444444444444444,639.4263158719672,4199.456388941401,50.0,30,700,2000
69,0.06429743622664562,0.07317966246330714,89.1516280067696,100,0.02737777777775692,68001.3368888889,0.0,0.7340030000000001,0.05855555555543914,0.0,0.0,0.0,44.52251875555556,0.06542065386471299,0.07452036923416841,824.0697691797333,0.3831111111111366,0.0,4.977777777777778,872.4069728443852,4154.3938177185755,75.0,30,700,2000
70,0.14461296482240193,0.15879194571725816,99.71861317401479,100,0.02648888888886884,72780.6407111111,0.0,0.7340030000000001,0.013111111111680254,0.0,0.0,0.0,49.2453888,0.14857557595256385,0.1613123781786549,936.0780145912297,0.41188888888888564,0.0,14.222222222222221,1044.5480195437035,4131.696530260161,100.0,30,700,2000
71,0.2751096963735497,0.2462220107030389,92.40213681021974,100,0.05288888888891152,87395.72104635938,0.0,0.7340030000000001,0.006444444444302159,0.0,0.0,0.0,56.00151324444445,0.28288135124382163,0.25237102094401936,965.4668262981195,0.4198888888888885,0.0,23.622222222222224,1130.8217098997218,4130.787284033468,125.0,30,700,2000
72,0.024132668066028245,0.1547860319506215,75.1231818108,100,0.02730434782608387,46943.959188405795,0.0,5.242880000000001,0.2098913043478008,0.0,0.0,0.0,22.583741217391296,0.024041668991531883,0.15335506522492293,735.6291318872464,0.3125000000000099,0.0,1.5217391304347827,740.3244603408696,4180.935866991205,10.0,30,5000,2000
73,0.037451865043906296,0.24165163048968413,92.07961980923555,100,0.02622222222222869,41435.136000000006,0.0,5.242880000000001,0.044333333333229856,0.0,0.0,0.0,24.400964266666673,0.03780088210301415,0.25014319583536093,919.4607331082666,0.39411111111111397,0.0,4.044444444444444,939.127726967111,4177.162245814315,15.0,30,5000,2000
74,0.07196526939584198,0.4020167393868856,91.02464919083555,100,0.028577777777789175,52207.46429629629,0.0,5.242880000000001,0.004888888888914759,0.0,0.0,0.0,26.90116266666667,0.06669842315829691,0.3881093664329048,1073.091808591289,0.42777777777778786,0.0,7.377777777777778,1065.5208888308148,4170.945102516712,20.0,30,5000,2000
75,0.09590623509452854,0.5572540481680913,91.49462492337337,100,0.05328888888890207,53267.6608,0.0,5.242880000000001,0.009999999999935325,0.0,0.0,0.0,28.475665066666654,0.0945058970062582,0.567362220819798,1103.0970070687997,0.4310000000000097,0.0,12.733333333333333,1064.1717657466072,4163.976594402851,25.0,30,5000,2000
76,0.16759439787413385,0.9077480586958486,94.92950335444445,100,0.024488888888875713,42962.48888888889,0.0,5.242880000000001,0.008777777777544947,0.0,0.0,0.0,32.10371982222221,0.16632303215131508,0.9174232069140911,1074.2620164670816,0.43344444444442665,0.0,23.066666666666666,1105.6944618312887,4162.370871782543,35.0,30,5000,2000
77,0.2739713928696358,1.4446623169268167,93.66125067173762,100,0.025911111111104723,45053.33001481481,0.0,5.242880000000001,0.00399999999984478,0.0,0.0,0.0,37.37836657777779,0.2656511438125765,1.4373174528800123,1084.862344209659,0.43944444444444647,0.0,37.17777777777778,1128.9274961538372,4161.717232020596,50.0,30,5000,2000
78,0.4406486841153015,2.3276808832003475,97.0789895566667,100,0.02595680249387932,50756.17564444445,0.0,5.242880000000002,0.0024444444444573794,0.0,0.0,0.0,46.072445155555556,0.44185430171374324,2.330424939810562,1120.3897474133335,0.4245751503006117,0.0,59.55555555555556,1160.8542917063703,4159.410395154904,75.0,30,5000,2000
79,0.6312735411878643,3.3150904767856018,96.00047700963664,100,0.026933333333343197,38297.95008314316,0.0,5.242880000000001,0.001777777777816583,0.0,0.0,0.0,54.88303217777777,0.6275022872357863,3.2930864429537303,989.3389750051969,0.4233333333333172,0.0,77.02222222222223,1031.6375379521814,4158.346705759166,100.0,30,5000,2000
80,0.822926095147758,4.316098029688139,95.55744730480369,100,0.05333333333335556,46297.81617777778,0.0,5.242880000000002,0.005111111111020566,0.0,0.0,0.0,61.9364352,0.8247402060144178,4.3254326915100485,953.3635594659983,0.4140000000000226,0.0,98.68888888888888,1055.891922165645,4158.137717520022,125.0,30,5000,2000
81,0.016474346702654442,0.03870342475172559,42.63188206408986,100,0.02486956521738648,44034.16672463768,0.0,2.097151999999999,0.5595652173914182,0.0,0.0,0.0,22.47261495652174,0.016503109595404478,0.038656318651171764,350.81636648017394,0.15499999999999248,0.0,0.2826086956521739,355.8776813824927,4194.474924871056,10.0,50,2000,2000
82,0.019648178755106466,0.048657448505919854,58.50924452792464,100,0.025608695652191153,42547.34840579711,0.0,2.097151999999999,0.3869565217391937,0.0,0.0,0.0,24.306554434782605,0.019686445994620425,0.04942422353841013,538.215950282087,0.22847826086956996,0.0,0.34782608695652173,556.7728557012754,4196.016829351671,15.0,50,2000,2000
83,0.0257130253047867,0.06631514590410749,70.42716779968518,100,0.024755555555556284,49589.69552592594,0.0,2.097151999999999,0.2377777777780365,0.00011111111111110874,0.04273504273427645,0.0,26.149319111111108,0.02465953373823683,0.06555554828983275,673.9696281939554,0.2927777777777717,0.0,1.1777777777777778,687.4934183636149,4196.1924431680145,20.0,50,2000,2000
84,0.03226950109298533,0.09152546361540524,85.77434179840886,100,0.05026666666665026,49604.41078518518,0.0,2.097151999999999,0.12855555555627993,0.0,0.0,0.0,27.673941333333328,0.03238017914419303,0.09280457882766603,794.7055910400001,0.34288888888887514,0.0,2.2666666666666666,814.6173888190223,4179.164524710912,25.0,50,2000,2000
85,0.06827697507570843,0.17588153327188244,94.77827091706521,100,0.024088888888895276,49496.97422222222,0.0,2.097151999999999,0.019333333333876605,0.0,0.0,0.0,32.268743111111114,0.06447299190078397,0.17386634879567098,904.8395063198221,0.40244444444445737,0.0,7.6,953.841988999585,4164.470558135478,35.0,50,2000,2000
86,0.15786418002446775,0.3682773148821709,93.01669583374635,100,0.026266666666672083,56260.02536424417,0.0,2.097151999999999,0.007333333333372138,0.0,0.0,0.0,37.607378488888884,0.15443004624550932,0.36638074444955954,1005.5177059337423,0.4207777777777665,0.0,18.977777777777778,1051.5863498759747,4159.109954024113,50.0,50,2000,2000
87,0.32612141726851535,0.7140570828741466,96.35370196954597,100,0.0253333333333204,53161.710933333336,0.0,2.097151999999999,0.0003333333336437742,0.0,0.0,0.0,44.34438826666667,0.3207633616807269,0.7112002905460258,1015.6139791038222,0.4253333333333305,0.0,33.13333333333333,1148.1429541448888,4155.443079251061,75.0,50,2000,2000
88,0.4768387785498919,1.049572495525585,98.23815177263492,100,0.0223111111110888,51084.15905185184,0.0,2.097151999999999,0.0005555555557495811,0.0,0.0,0.0,51.31477902222222,0.4774846505633751,1.056999965823434,917.563226787259,0.4145555555555701,0.0,51.2,1111.8019363963258,4153.900817883324,100.0,50,2000,2000
89,0.7356329489228645,1.5599588581387211,95.24863090464298,100,0.04808888888888355,55077.45564444444,0.0,2.0971519999999995,0.0,0.0,,0.0,56.56612408888888,0.7204834278501107,1.5396957617517115,799.3837246551703,0.42666666666666264,0.0,67.26666666666667,990.0428698767998,4152.943469032218,125.0,50,2000,2000
90,0.017490836882912805,0.06324099271834004,52.9627910979663,100,0.021305741918610347,36699.98191304348,0.0,3.145727999999999,0.40882460573305357,0.0,0.0,0.0,22.93012034782609,0.01673073199601233,0.06067136654760789,501.40469294643475,0.21424762568613556,0.0,0.717391304347826,505.11015784828976,4214.365689315598,10.0,50,3000,2000
91,0.023342369801012234,0.09003321929911243,75.65604464419332,100,0.021599999999974293,47832.177777777775,0.0,3.145727999999999,0.20466666666648559,0.0,0.0,0.0,24.901950577777768,0.023371440136946278,0.09038818396306518,747.839417584,0.31044444444442987,0.0,1.4,772.1833133051852,4187.516784846912,15.0,50,3000,2000
92,0.03517818777721884,0.1459298780654847,93.51745364842593,100,0.023422222222214056,47741.15555555555,0.0,3.145727999999999,0.07666666666627861,0.0,0.0,0.0,25.50724835555554,0.03705788261673876,0.147571023528138,892.1363583578667,0.37577777777780486,0.0,3.1777777777777776,926.2313130452742,4177.506708981342,20.0,50,3000,2000
93,0.055909500877486716,0.21943952400218894,89.76817086503044,100,0.03564444444444032,50990.96771710299,0.0,3.145727999999999,0.028888888888953565,0.0,0.0,0.0,29.110272000000002,0.05854085186222021,0.22472697634843403,944.1493242418104,0.4085555555555604,0.0,8.244444444444444,968.6573092006408,4166.28089806436,25.0,50,3000,2000
94,0.11446116281112854,0.39754005587334096,91.96770638209922,100,0.023111111111120408,45619.002785185185,0.0,3.145727999999999,0.0131111111110335,0.0,0.0,0.0,31.289708088888894,0.11829289738607329,0.4003621546046897,1016.2328398084148,0.4244444444444424,0.0,14.444444444444445,1055.5498726371557,4157.833549069509,35.0,50,3000,2000
95,0.21257606542487825,0.707761964607204,94.00521248391108,100,0.02217777777777883,45619.24551111111,0.0,3.145727999999999,0.008222222222442118,0.0,0.0,0.0,38.12138097777778,0.2150381131928459,0.7141898736141954,1027.4288258298075,0.42055555555554947,0.0,24.711111111111112,1072.0720212959404,4160.800420908064,50.0,50,3000,2000
96,0.3644871879040329,1.2002692128622812,97.08022097354191,100,0.024088888888875063,46136.94294201161,0.0,3.1457279999999996,0.0,0.0,,0.0,44.229882311111105,0.362442789542166,1.1952613313808307,1082.488366726607,0.4315555555555572,0.0,47.111111111111114,1182.8948663290328,4157.192824167047,75.0,50,3000,2000
97,0.5725394380827692,1.8233469759690832,89.45592562728214,100,0.022266666666675723,41815.51786666667,0.0,3.145727999999999,0.002555555555671971,0.0,0.0,0.0,52.08828586666667,0.5703172130716764,1.8223038009974155,1005.1933818264889,0.4231111111111103,0.0,60.955555555555556,1163.7403562383406,4156.039625345781,100.0,50,3000,2000
98,0.7740857543786839,2.4530079872448063,95.26350654120294,100,0.04408888888888719,45776.0768,0.0,3.1457279999999996,0.003666666666847757,0.0,0.0,0.0,58.62468266666667,0.7738303374778138,2.4483415973729223,847.4203755712591,0.4373333333333398,0.0,77.93333333333334,1025.3783376846816,4154.9830281285285,125.0,50,3000,2000
99,0.02264076432387321,0.1398332313893387,80.8269112985449,100,0.020347826086959765,36083.36028941919,0.0,5.242880000000002,0.18336956521765704,0.0,0.0,0.0,22.691840000000003,0.02143836316544274,0.13665002979033228,796.9528569641374,0.31923913043481106,0.0,2.347826086956522,793.1214329352912,4178.897919605717,10.0,50,5000,2000
100,0.039010263734424844,0.24891805840543013,93.13390793848446,100,0.021155555555540356,37541.08397037037,0.0,5.242880000000001,0.03377777777786832,0.0,0.0,0.0,24.97194666666667,0.04003618478419641,0.24849967546714855,926.3704617938961,0.4048888888888743,0.0,4.866666666666666,951.5880722057482,4175.423554382596,15.0,50,5000,2000
101,0.0683900348330119,0.4016033485988316,97.64564499895707,100,0.02528888888888711,44461.564207407406,0.0,5.242880000000001,0.013111111111356877,0.0,0.0,0.0,26.868394666666674,0.06720127819346551,0.3970274999276408,977.5454835234962,0.41844444444444284,0.0,8.688888888888888,994.6750617135405,4167.8319510216725,20.0,50,5000,2000
102,0.09619952537404561,0.5584021522681007,97.51421028517774,100,0.021466666666654217,40960.33374814814,0.0,5.242880000000001,0.004777777777700168,0.0,0.0,0.0,28.636774399999997,0.09566056092237087,0.5571080776328858,1034.5525669439999,0.42988888888889454,0.0,12.822222222222223,1074.6950313608297,4168.078342190968,25.0,50,5000,2000
103,0.1643448070708583,0.9211698415443716,92.29075659499618,100,0.01973333333334166,39602.22151111111,0.0,5.242880000000002,0.005333333333126373,0.0,0.0,0.0,32.51996444444445,0.16669161061511806,0.9224218640557261,1005.4975088284443,0.4316666666666707,0.0,17.466666666666665,1043.4468402108448,4164.325825069926,35.0,50,5000,2000
104,0.27146770105938495,1.4487101687869914,96.28765466174522,100,0.021022222222230387,40927.41404444444,0.0,5.242880000000002,0.00022222222178243102,0.0,0.0,0.0,37.20050915555555,0.27052016955813624,1.4481244040558885,1123.9472778276743,0.4382222222222178,0.0,35.84444444444444,1163.4309173918225,4161.879551646667,50.0,50,5000,2000
105,0.45487065174366575,2.393173012003658,96.44777279375413,100,0.023422222222203953,36454.4,0.0,5.242880000000002,0.0,0.0,,0.0,44.85602417777777,0.45281075252981134,2.393473805938861,986.9524190849183,0.43811111111112444,0.0,57.48888888888889,1083.483337160474,4160.340667647453,75.0,50,5000,2000
106,0.6563875111005015,3.4497941844259277,95.95385912065997,100,0.027824537964827586,43023.20071111111,0.0,5.242880000000002,0.0014444444441728088,0.0,0.0,0.0,52.33386382222223,0.6598499609735852,3.4678435415434636,929.4638649547851,0.43333296710965624,0.0,71.37777777777778,1014.9153910260151,4158.200641174006,100.0,50,5000,2000
107,0.8088704198684861,4.2449596992357,96.25705230999982,100,0.03991111111111725,47023.17226666666,0.0,5.242880000000002,0.003666666666847757,0.0,0.0,0.0,59.539455999999994,0.8122334303190826,4.263088671897995,898.372371856237,0.4243333333333188,0.0,93.53333333333333,1049.4563288490665,4156.490278784314,125.0,50,5000,2000
108,0.02123069241569935,0.016405440541365703,18.45996365199259,100,0.02373333333334813,42870.07099259259,0.0,0.7340030000000001,0.7935555555556978,0.0,0.0,0.0,22.156083199999998,0.02076270528220561,0.015908030929999702,127.89219823448887,0.07188888888889172,0.0,0.044444444444444446,129.603260948563,4207.5053283686675,10.0,50,700,2000
109,0.021686892146878394,0.01738726481392975,27.887303557373194,100,0.023608695652169248,45061.69878260869,0.0,0.7340030000000001,0.7088043478259983,0.0,0.0,0.0,24.55534191304349,0.022233872040804105,0.018145827485287803,199.49874737292754,0.10195652173912173,0.0,0.2391304347826087,203.48692074069567,4209.477328071206,15.0,50,700,2000
110,0.023265979463891234,0.019106256379606154,37.77181148435869,100,0.026130434782623484,49683.61924637681,0.0,0.7340030000000001,0.6067391304345422,0.0,0.0,0.0,25.08443826086956,0.023533302868709707,0.019536099579558253,279.2310441485218,0.14152173913042965,0.0,0.4782608695652174,279.3809678728696,4208.117775875151,20.0,50,700,2000
111,0.023042451719392024,0.019723781271147055,44.28726636296345,100,0.04399999999999755,61217.27757613778,0.0,0.7340030000000001,0.5429347826091385,0.0,0.0,0.0,27.79474365217391,0.023780266492990233,0.020256288950976892,337.41516683612645,0.16532608695653203,0.0,0.3695652173913043,342.64351656708385,4207.64922540171,25.0,50,700,2000
112,0.02669685668642842,0.023542580415181414,55.796451046955546,100,0.02337777777778077,56261.29066666667,0.0,0.7340030000000001,0.40322222222231274,0.0,0.0,0.0,30.043522844444453,0.02691806082393823,0.02345877287681173,467.9459610631112,0.21744444444445132,0.0,1.0,481.82929824462224,4218.985472115311,35.0,50,700,2000
113,0.03345643670296785,0.03301761486313403,72.05829583560222,100,0.0246666666666796,57249.15484444444,0.0,0.7340030000000001,0.2402222222218471,0.0,0.0,0.0,36.775890488888884,0.03336861847125852,0.033067980711205765,660.4034611255112,0.29455555555555796,0.0,1.2222222222222223,685.4561044042073,4191.660765403962,50.0,50,700,2000
114,0.06567301152388073,0.07723106421278167,89.22942175289556,100,0.032399999999991755,74520.01469629629,0.0,0.7340030000000001,0.06399999999913335,0.004888888888888903,1.8199757134802175,0.0,40.23509902222223,0.06743402104058657,0.07862350968887655,814.071426891437,0.37611111111111517,0.0,5.5777777777777775,869.6447819919999,4145.862120247682,75.0,50,700,2000
115,0.14968186051175594,0.15489245145524688,94.66310861920964,100,0.02395246375884828,66901.33333333333,0.0,0.7340030000000001,0.010663793279254388,0.0,0.0,0.0,51.03097173333333,0.1537901113347839,0.15714955366966687,903.7807006305779,0.4044631485192668,0.0,15.622222222222222,1041.9766163489187,4129.746113835563,100.0,50,700,2000
116,0.28668858760298277,0.2589174119103839,101.17458105335854,100,0.05537777777778198,75831.55389629629,0.0,0.7340030000000001,0.001777777777816583,0.0,0.0,0.0,52.26432284444445,0.2923564113459556,0.2632305587130858,812.1743878426664,0.4082222222222198,0.0,21.666666666666668,1064.9858397160888,4130.374682767486,125.0,50,700,2000
117,0.016375565073979286,0.03869633352823043,42.89478618043116,100,0.019173913043479606,33606.34434782608,0.0,2.097151999999999,0.5539130434781723,0.0,0.0,0.0,24.819088695652166,0.016158438110690374,0.03762978601073017,373.910637024058,0.16282608695652687,0.0,0.41304347826086957,382.4686774972753,4185.241148144814,10.0,70,2000,2000
118,0.019828664761759915,0.04944667709887494,58.66023037881087,100,0.01713043478258916,38516.20173913043,0.0,2.097151999999999,0.3791304347820266,0.0,0.0,0.0,26.663179130434777,0.02014713224935503,0.048477090522003406,545.6592643878839,0.22739130434781699,0.0,0.5434782608695652,553.2444052457391,4196.182428040167,15.0,70,2000,2000
119,0.026122174489285076,0.0670287716201507,72.4165470976413,100,0.0353043478261023,40860.92428985507,0.0,2.097151999999999,0.24402173913024497,0.0,0.0,0.0,28.331764869565216,0.025977130333791593,0.06712554666082447,691.8413608137391,0.290326086956532,0.0,1.391304347826087,702.4630983654494,4190.710788791614,20.0,70,2000,2000
120,0.030810985761471964,0.08523405543806431,90.24278199495215,100,0.01600000000002697,33778.37634782609,0.0,2.097151999999999,0.11847826086950194,0.0,0.0,0.0,30.68758817391304,0.03190397414549528,0.08667860395178917,780.0833072670147,0.33902173913042055,0.0,3.4565217391304346,797.6115856904928,4181.656184873272,25.0,70,2000,2000
121,0.06807478286835787,0.17817679074195947,97.46881333891271,100,0.019466666666671194,49145.09797625021,0.0,2.097151999999999,0.021333333333475618,0.0,0.0,0.0,33.1046912,0.07037040443225821,0.1807462772986046,944.1266885773543,0.41588888888889214,0.0,7.488888888888889,1002.1962251673333,4165.549993071073,35.0,70,2000,2000
122,0.15184461320994458,0.348684099924153,94.58649104034369,100,0.018799999999989974,42998.89777777778,0.0,2.097151999999999,0.003111111111421552,0.0,0.0,0.0,37.28252017777777,0.15142260806976554,0.34930397581139216,1010.5154310934521,0.4246666666666796,0.0,17.2,1074.8670263496888,4159.321912576401,50.0,70,2000,2000
123,0.31174388470992886,0.6933759894069398,94.56285392329924,100,0.020533333333342955,46070.59437037037,0.0,2.097151999999999,0.005333333333449749,0.0,0.0,0.0,44.70647466666666,0.3066097333375591,0.6872982963597354,978.2586194496592,0.43955555555559034,0.0,30.355555555555554,1151.471176051615,4155.364088316521,75.0,70,2000,2000
124,0.46307986060323203,1.017352389075539,94.66704015318307,100,0.017066666666657206,47413.17214814814,0.0,2.097151999999999,0.0016666666666019915,0.0,0.0,0.0,51.17096391111112,0.46627542036423086,1.0214046585714385,896.773201395674,0.4274444444444574,0.0,48.77777777777778,1153.9109720057481,4152.863376377801,100.0,70,2000,2000
125,0.6460561202508718,1.4023482387533617,92.59694282220148,100,0.022488888888872478,52486.99354074074,0.0,2.0971519999999995,0.0,0.0,,0.0,56.68417991111111,0.6658205223265434,1.4326664508664384,829.7509783701331,0.43300000000001293,0.0,61.82222222222222,1129.1469115783707,4153.5804314832885,125.0,70,2000,2000
126,0.017168577694710634,0.061715085525670114,56.884535779121,100,0.020521739130433914,36644.38910144928,0.0,3.145727999999999,0.40532608695629396,0.0,0.0,0.0,23.330281739130438,0.017600710672645535,0.06317502468527256,528.3481595897971,0.21478260869565455,0.0,0.4782608695652174,531.2119242109565,4194.522843765608,10.0,70,3000,2000
127,0.02281151284852591,0.08927236105800733,75.29543417787826,100,0.022521739130436046,42420.31304347826,0.0,3.145727999999999,0.20097826086978032,0.0,0.0,0.0,26.188043130434796,0.023467766740177486,0.09064204557460727,739.0461357096232,0.3157608695652095,0.0,0.8695652173913043,753.5431107302028,4188.112827053339,15.0,70,3000,2000
128,0.03764953432300999,0.1584685477503661,87.83109164579557,100,0.03524444444444978,40868.97777777778,0.0,3.145727999999999,0.09055555555581425,0.00011111111111112848,0.13071895424569976,0.0,28.427696355555565,0.03573164819088983,0.15210572832987787,884.2281386027853,0.3676666666666986,0.0,4.066666666666666,894.1884028075851,4180.753358321004,20.0,70,3000,2000
129,0.05586595495645778,0.22863167713706745,88.0715802430789,100,0.018711111111123398,36764.694512586655,0.0,3.145727999999999,0.038888888888565516,0.0,0.0,0.0,29.83007573333333,0.053499444862869006,0.2264863243824098,994.8589759212736,0.4032222222222218,0.0,6.733333333333333,1021.0065719089403,4166.0014473408355,25.0,70,3000,2000
130,0.11667998691846797,0.390854309018277,92.17969820770372,100,0.01986666666667184,49295.0565925926,0.0,3.145727999999999,0.0018888888890311742,0.0,0.0,0.0,34.00253439999999,0.11954138365752788,0.39105904284882753,1060.0667688078222,0.4326666666666622,0.0,13.822222222222223,1113.7541030972443,4164.84797929538,35.0,70,3000,2000
131,0.21520584484491592,0.7231574980234912,94.72603483723114,100,0.018755555555556688,33985.87733333333,0.0,3.1457279999999996,0.00444444444437977,0.0,0.0,0.0,39.36246897777777,0.21977828337087155,0.7299793043091104,1007.7759226857481,0.43911111111110585,0.0,25.355555555555554,1101.7186105838814,4159.834892937053,50.0,70,3000,2000
132,0.3700788431126696,1.2358380101549773,95.43121196527999,100,0.017822222222225213,38729.80385185185,0.0,3.1457279999999996,0.0013333333332815932,0.0,0.0,0.0,44.385621333333326,0.37444071021930925,1.238911328804092,943.5551193351702,0.44066666666666504,0.0,45.22222222222222,1102.4198699283554,4157.006291209881,75.0,70,3000,2000
133,0.5489019829459884,1.763690496552877,98.02679298205997,100,0.024711111111122994,35176.29629629629,0.0,3.1457279999999996,0.0,0.0,,0.0,51.217658311111116,0.5508591874627267,1.7728325721976985,925.7201089578073,0.4351111111110994,0.0,57.86666666666667,1150.6708378133333,4156.653773240454,100.0,70,3000,2000
134,0.7066623943109112,2.2862189765695033,93.43605286295562,100,0.02142222222222093,41703.53019259259,0.0,3.1457279999999996,0.0,0.0,,0.0,57.274550044444446,0.7145096059109665,2.2990133191795765,834.6241843981036,0.430666666666659,0.0,67.11111111111111,1141.7240548443258,4156.941057827753,125.0,70,3000,2000
135,0.022647306282951175,0.1407000053347113,77.85072042030363,100,0.017043478260852087,29757.766492753624,0.0,5.242880000000002,0.17782608695605354,0.0,0.0,0.0,22.721758608695648,0.020910814991666977,0.1291262572824254,758.8463098712464,0.31804347826086204,0.0,1.934782608695652,773.5253031069566,4149.000627979105,10.0,70,5000,2000
136,0.036831692727596226,0.2554669822383423,88.7022224864276,100,0.016826086956519288,31132.775884057974,0.0,5.242880000000002,0.06521739130403148,0.0,0.0,0.0,26.308875130434775,0.03987655445032463,0.2563841974218109,891.4185030213914,0.3926086956521727,0.0,4.0,915.7872724563479,4175.628923262856,15.0,70,5000,2000
137,0.0629096499913004,0.3956092833711512,96.69406714002272,100,0.030888888888875955,38910.84530086859,0.0,5.242880000000001,0.01544444444427629,0.0,0.0,0.0,28.05131946666667,0.06700344584091092,0.4007866558631578,1066.4655059263357,0.4142222222222396,0.0,8.71111111111111,1059.485343959269,4168.210200603463,20.0,70,5000,2000
138,0.09506300229219904,0.5385717387082691,94.4709532049733,100,0.01977777777777495,38152.389214814815,0.0,5.242880000000001,0.009222222221756561,0.0,0.0,0.0,29.865938488888887,0.09639704158432882,0.5363153375549105,1111.2989786228152,0.427555555555581,0.0,12.777777777777779,1153.1895016813628,4166.07360372038,25.0,70,5000,2000
139,0.1561389540903293,0.8564013633004538,96.86387016204608,100,0.02017777777776549,41069.93424251933,0.0,5.242880000000002,0.003111111111421552,0.0,0.0,0.0,33.881747911111106,0.16158239536102043,0.8663314321089498,1121.354016979652,0.43599999999999756,0.0,21.444444444444443,1173.9016570759438,4131.454550827756,35.0,70,5000,2000
140,0.26405136662374035,1.4286944710883773,102.41952557181106,100,0.019422222222217695,32313.829451851852,0.0,5.242880000000001,0.0011111111108524105,0.0,0.0,0.0,38.42412088888889,0.2555009550107663,1.4160252518273504,1007.5139793841777,0.4427777777777717,0.0,33.08888888888889,1112.7601512139258,4162.372409040966,50.0,70,5000,2000
141,0.43483163711395784,2.2962804837874256,97.86131206481704,100,0.01884444444445358,32820.73220740741,0.0,5.242880000000002,0.004111111111059371,0.0,0.0,0.0,45.479799466666684,0.4316287281612518,2.293989473121694,993.1498529460149,0.4382222222222279,0.0,52.44444444444444,1137.9093810952888,4159.458727537199,75.0,70,5000,2000
142,0.5910272151513092,3.105925228036338,94.79796459657705,100,0.029288888888883473,41846.92053333334,0.0,5.242880000000002,0.001555555555710776,0.0,0.0,0.0,53.69446400000001,0.5794102779358727,3.047400801569944,953.5323464752589,0.4326666666666723,0.0,72.33333333333333,1149.5406937976886,4160.636471884635,100.0,70,5000,2000
143,0.78721621852518,4.131097295164699,96.12646974206012,100,0.0202222222222392,38502.4,0.0,5.242880000000002,0.0001111111112145914,0.0,0.0,0.0,60.04526648888891,0.783277028287944,4.111459917914084,855.6473619100444,0.4420000000000174,0.0,87.42222222222222,1068.2120377562665,4157.795332517259,125.0,70,5000,2000
144,0.021332371123911894,0.016800665489983064,18.978248916927534,100,0.02060869565219076,35207.07895652174,0.0,0.7340030000000001,0.7857608695646733,0.0,0.0,0.0,22.400133565217388,0.02133225258413516,0.016904051988950716,137.3859020226087,0.07652173913043439,0.0,0.21739130434782608,138.95650201913043,4181.472702494345,10.0,70,700,2000
145,0.021774334723991744,0.017387859824732285,27.760903088901454,100,0.020304347826091227,44672.40069565218,0.0,0.7340030000000001,0.7059782608693754,0.0,0.0,0.0,25.731962434782616,0.021781641105579386,0.017227717123620902,204.6136457994203,0.10456521739132293,0.0,0.08695652173913043,206.8180563669565,4207.384094859674,15.0,70,700,2000
146,0.022377992787248318,0.01825997523679048,36.07162733244783,100,0.026043478260856755,37487.30434782609,0.0,0.7340030000000001,0.6314130434775902,0.0,0.0,0.0,27.136979478260876,0.022613779746557056,0.018536168651051434,272.49471958817395,0.13141304347828223,0.0,0.15217391304347827,280.6350594335072,4217.131322816589,20.0,70,700,2000
147,0.023540383928513,0.019638843191086445,42.8068019312174,100,0.018652173913067047,43841.179826086955,0.0,0.7340030000000001,0.5352173913042466,0.0,0.0,0.0,27.494845217391298,0.023077365980934114,0.019026702624872525,320.92888107159416,0.16597826086956008,0.0,0.21739130434782608,318.7648154023769,4227.631656465345,25.0,70,700,2000
148,0.025979552142622004,0.023151980572438162,57.13370372084221,100,0.0231555555555638,48631.838340740745,0.0,0.7340030000000001,0.41355555555621526,0.0,0.0,0.0,32.14340551111112,0.02596175800292543,0.023311332013285873,470.10637434844443,0.20988888888889254,0.0,0.6666666666666666,487.0298319789037,4230.723142404391,35.0,70,700,2000
149,0.03349109522442089,0.031441189765214456,72.87797372700666,100,0.018622222222216402,54768.313837037036,0.0,0.7340030000000001,0.2381111111110335,0.0,0.0,0.0,33.5159296,0.03440408378777268,0.03197056687073002,643.2024199549628,0.2875555555555568,0.0,1.5555555555555556,669.9053671560889,4188.8653459982215,50.0,70,700,2000
150,0.06554676283051544,0.07099454504759801,91.53341747963334,100,0.022755555555563155,62638.45925925925,0.0,0.7340030000000001,0.050999999999961194,0.0,0.0,0.0,39.66375253333334,0.06781823382978101,0.0744944011616192,814.5670264962963,0.3781111111111083,0.0,4.177777777777778,898.2213040157035,4149.591362717304,75.0,70,700,2000
151,0.13362955759835043,0.15384617193189565,94.54984083928521,100,0.02271111111112987,65577.56681481483,0.0,0.7340030000000001,0.015000000000388052,0.0,0.0,0.0,46.05942897777777,0.13674631058101058,0.15591230513900095,823.6270697097482,0.4131111111111042,0.0,8.466666666666667,1015.3666307455408,4137.848233774641,100.0,70,700,2000
152,0.2009651217271897,0.26001072054860164,95.47976278671932,100,0.022088888888912254,74282.02192592593,0.0,0.7340030000000001,0.014222222222209287,0.0,0.0,0.0,49.90211413333334,0.20015079243636863,0.26156364589729464,784.8225850177779,0.4268888888888796,0.0,15.177777777777777,1116.0401709199407,4136.137613322994,125.0,70,700,2000
153,0.01723996172300863,0.04071089307849408,43.98795656019202,100,0.013739130434783952,37492.706318840574,0.0,2.097151999999999,0.5463043478252392,0.0,0.0,0.0,22.490957913043484,0.01742465182896377,0.04021321410526592,368.95437188353617,0.15728260869566482,0.0,0.6521739130434783,373.0818384186087,4196.215290657687,10.0,90,2000,2000
154,0.01959754644750736,0.04963387764001611,61.021593418679714,100,0.01426086956522617,35893.248,0.0,2.097151999999999,0.37706521739196236,0.0,0.0,0.0,24.65622817391305,0.020156444406945882,0.049493339208666505,529.4918725386087,0.22869565217390275,0.0,1.0217391304347827,544.4803278692175,4199.43447318154,15.0,90,2000,2000
155,0.026451938343631215,0.07145795439951437,72.82320403827029,100,0.02569565217391834,37048.55851690774,0.0,2.097151999999999,0.24021739130441108,0.0,0.0,0.0,25.884939130434784,0.027575579855380308,0.07403386228745887,660.9617372098236,0.28619565217391224,0.0,1.608695652173913,686.6214534900131,4194.369097116681,20.0,90,2000,2000
156,0.034510716431371276,0.09709309614621273,84.95190774606385,100,0.017555555555574958,36047.97605902198,0.0,2.097151999999999,0.12844444444441858,0.0,0.0,0.0,28.72597617777777,0.03790859597398537,0.09756172518955744,802.9485295071569,0.34477777777776486,0.0,3.3555555555555556,842.0707012052923,4178.562721718202,25.0,90,2000,2000
157,0.07003579504630418,0.19131455442335596,96.90254598621955,100,0.017739130434788225,44265.44231884058,0.0,2.097151999999999,0.027499999999987347,0.0,0.0,0.0,30.689903304347837,0.07246536491762091,0.18419223107098484,920.6818209451594,0.4076086956521739,0.0,6.304347826086956,1003.4255506851594,4162.27392064606,35.0,90,2000,2000
158,0.14028258999638868,0.3465610137094675,99.83585614313338,100,0.019468002672015226,38078.35780740741,0.0,2.097151999999999,0.005000000000129351,0.0,0.0,0.0,35.49329635555557,0.14714506504145466,0.3485554445680383,1009.8645240250073,0.42346359385436166,0.0,18.31111111111111,1146.5906789285928,4161.764291607378,50.0,90,2000,2000
159,0.3036834026585148,0.6766918622568407,96.70522436565031,100,0.027377777777787236,41069.74245925926,0.0,2.097151999999999,0.002111111111460357,0.0,0.0,0.0,40.77567999999999,0.3054923653057309,0.679682486823227,936.3708500933334,0.4321111111111148,0.0,31.488888888888887,1144.5200237457777,4215.302513717194,75.0,90,2000,2000
160,0.4432085309426267,0.9755763689860989,96.96157564354655,100,0.02982222222223451,49970.10773333334,0.0,2.0971519999999995,0.0013333333332815932,0.0,0.0,0.0,45.9964416,0.45609727384434656,0.9863513801417714,859.1204325502221,0.42833333333331514,0.0,45.08888888888889,1184.0738241509332,4154.243932423061,100.0,90,2000,2000
161,0.620184387825107,1.344498860219965,92.55776583601843,100,0.016355555555552806,42696.916385185184,0.0,2.097151999999999,0.004333333333488554,0.0,0.0,0.0,50.06995911111112,0.6413957145296592,1.3648409510645907,760.2581241014518,0.428444444444459,0.0,50.666666666666664,1168.5795201868445,4153.1420017706705,125.0,90,2000,2000
162,0.018864405967504532,0.07062159392491277,56.875033250069556,100,0.010739130434775807,22680.62052173913,0.0,3.145727999999999,0.4047826086952346,0.0,0.0,0.0,22.443764869565218,0.01978514613668746,0.06773744912868207,511.16936423849273,0.21978260869564506,0.0,0.6304347826086957,518.3579577351884,4185.8744350973675,10.0,90,3000,2000
163,0.025232579470192786,0.10019610272109734,75.4177271720128,100,0.00791304347824181,21445.52811594203,0.0,3.145727999999999,0.2047826086962469,0.0,0.0,0.0,24.227483826086967,0.02412603069437807,0.09008754026183026,708.8364211521401,0.30923913043478063,0.0,2.130434782608696,714.8898171335729,4185.897777048476,15.0,90,3000,2000
164,0.03758828746560521,0.15790244883151605,88.40346558943969,100,0.01728888888888428,28705.496496196345,0.0,3.145727999999999,0.09322222222237744,0.0,0.0,0.0,25.374811022222225,0.04110147192209696,0.15981399233711738,858.6497825375346,0.3784444444444489,0.0,3.977777777777778,876.3561522505612,4174.482867858273,20.0,90,3000,2000
165,0.055863493032027874,0.23471353964807146,91.51118774373175,100,0.01102222222221422,26568.635972147258,0.0,3.145727999999999,0.024111111111576773,0.0,0.0,0.0,28.926134044444446,0.060677907812444025,0.2307897690135081,959.5848198914202,0.40966666666668566,0.0,6.911111111111111,965.1940797097305,4167.849926904386,25.0,90,3000,2000
166,0.12042096206342225,0.39973711135743045,97.11370582989925,100,0.017244444444440888,37475.36592592593,0.0,3.145727999999999,0.010222222222364508,0.0,0.0,0.0,32.16406755555557,0.12340570208211186,0.40167099648155913,1036.8536754382224,0.415222222222221,0.0,14.311111111111112,1112.6731627845331,4163.876640328277,35.0,90,3000,2000
167,0.20826188635477974,0.7102086887010731,94.07315611057943,100,0.018222222222235965,38550.66500005558,0.0,3.145727999999999,0.005666666666770147,0.0,0.0,0.0,35.77510115555557,0.21070135743392746,0.7111370226481935,1037.4352635123587,0.4309999999999895,0.0,27.77777777777778,1173.8542262591702,4159.381982149506,50.0,90,3000,2000
168,0.3802013420249117,1.2382854274107635,95.75665049222215,100,0.015422222222191017,41799.22488888889,0.0,3.145727999999999,0.002555555555348595,0.0,0.0,0.0,44.26947697777777,0.3927315841305755,1.2482427670038927,972.173367852385,0.4332222222222198,0.0,42.68888888888889,1178.4398577244442,4156.679622740163,75.0,90,3000,2000
169,0.5243788650735245,1.7234680932005098,94.05976160853487,100,0.023288888888883877,40050.0205037037,0.0,3.145727999999999,0.0025555555553485954,0.0,0.0,0.0,48.686876444444444,0.5364989766982436,1.7253167192998287,911.2968499928887,0.4388888888888889,0.0,53.2,1185.5756825744593,4156.876287371491,100.0,90,3000,2000
170,0.7546392057839489,2.396243173555795,94.59128852306561,100,0.014666666666663433,36275.39058488533,0.0,3.1457279999999996,0.0,0.0,,0.0,52.861974755555565,0.7555043042618883,2.3935707080583595,744.5992553156424,0.4345555555555519,0.0,64.37777777777778,1089.257906330887,4156.146099427052,125.0,90,3000,2000
171,0.021501563188121797,0.01690399329702733,19.626201780024633,100,0.01804347826087787,31211.57936231884,0.0,0.7340030000000001,0.7875000000001265,0.0,0.0,0.0,22.32961113043478,0.023253137900512116,0.018105487202761637,140.86587926260867,0.07445652173911461,0.0,0.13043478260869565,142.06139263217395,4200.330359735748,10.0,90,700,2000
172,0.02182368117778065,0.01751419134850215,27.829583271850876,100,0.01791304347826237,36405.96802424401,0.0,0.7340030000000001,0.698152173912841,0.0,0.0,0.0,23.661345391304344,0.022178211970368723,0.017760029110665577,207.4918712913455,0.1061956521739079,0.0,0.13043478260869565,207.1368188670498,4193.334016042725,15.0,90,700,2000
173,0.022938000428574624,0.019491447402149496,36.954992597789854,100,0.02756521739130498,36825.711304347824,0.0,0.7340030000000001,0.6229347826089867,0.0,0.0,0.0,24.780087652173922,0.02302716281998659,0.018916388646863274,259.4363395535652,0.13804347826086757,0.0,0.2608695652173913,258.4150612786666,4219.912653577534,20.0,90,700,2000
174,0.023113419502418745,0.01932787836634294,44.33803031132029,100,0.017739130434778337,37658.623999999996,0.0,0.7340030000000001,0.5413043478262768,0.0,0.0,0.0,25.81958121739131,0.02442115457073241,0.02010204638951486,334.7028722887536,0.16565217391305098,0.0,0.5,343.380797839826,4220.396985540988,25.0,90,700,2000
175,0.02622443221127027,0.023685063613023236,57.61020972775436,100,0.019130434782611068,49534.352695652175,0.0,0.7340030000000001,0.4098913043477375,0.0,0.0,0.0,29.947102608695637,0.02528003968269032,0.022765583648049693,448.63309719802885,0.21499999999998734,0.0,0.4782608695652174,469.15856470237674,4215.056291986889,35.0,90,700,2000
176,0.0320499070198455,0.030456814278033772,72.13205593852173,100,0.018086956521726635,48372.186898550724,0.0,0.7340030000000001,0.24228260869605708,0.0,0.0,0.0,35.14368000000001,0.031666786893635515,0.029192040883043308,626.2728524071305,0.283695652173917,0.0,0.8913043478260869,656.4126719302028,4206.939108586051,50.0,90,700,2000
177,0.05944170439238717,0.06287425581332974,91.83804326715706,100,0.01902222222221705,57206.738488888885,0.0,0.7340030000000001,0.05088888888842323,0.0,0.0,0.0,38.526793955555554,0.060083579067140805,0.06260383333443104,880.317285154252,0.38822222222220765,0.0,2.6222222222222222,978.6473204161186,inf,75.0,90,700,2000
178,0.12076580488030027,0.15290679937493895,99.24206119768593,100,0.028533333333325573,62082.19211851852,0.0,0.7340030000000001,0.03188888888916053,0.0,0.0,0.0,43.080544711111116,0.12995143783107457,0.15901645200548858,772.2502556958221,0.3991111111111119,0.0,9.955555555555556,1050.9805060944593,4138.9806010190005,100.0,90,700,2000
179,0.17377240650896944,0.2558844928470071,90.30929168480297,100,0.017866666666658503,58317.75573333333,0.0,0.7340030000000001,0.024999999999676625,0.0,0.0,0.0,46.28407182222223,0.18322534012997443,0.2621064307292604,651.6226314221037,0.41633333333334627,0.0,14.6,1035.184114827378,4143.070928158977,125.0,90,700,2000
